_time;dvc_name;src_ip;dest_ip;dest_port;application
2026-06-17T12:29:46.100+0000;IE1ENSFW01;10.136.9.238;172.30.1.12;9093;ssl
2026-06-17T12:29:43.100+0000;IE1ENSFW01;10.136.9.238;172.30.1.92;9093;ssl
2026-06-17T12:29:45.100+0000;IE1ENSFW01;10.136.9.230;172.30.1.92;9093;ssl
2026-06-17T12:29:41.100+0000;IE1ENSFW01;10.136.9.230;172.30.1.12;9093;ssl
2026-06-17T12:29:44.100+0000;IE1ENSFW01;10.204.9.49;172.30.1.12;9093;ssl
2026-06-17T12:29:42.100+0000;IE1ENSFW01;10.204.9.49;172.30.1.92;9093;ssl
2026-06-17T12:29:43.100+0000;IE1ENSFW01;10.204.249.225;10.175.218.214;9580;web-browsing
2026-06-17T11:15:03.100+0000;IE1ENSFW01;10.204.249.225;10.175.217.101;40081;web-browsing
2026-06-17T11:06:18.100+0000;IE1ENSFW01;10.204.249.225;10.175.216.101;10013;web-browsing
2026-06-17T10:57:49.100+0000;IE1ENSFW01;10.204.249.225;10.175.217.36;10013;web-browsing
2026-06-17T10:33:05.100+0000;IE1ENSFW01;10.204.249.225;10.175.217.82;10006;web-browsing
2026-06-17T10:28:36.100+0000;IE1ENSFW01;10.204.249.225;10.175.217.124;10013;web-browsing
2026-06-17T10:17:21.100+0000;IE1ENSFW01;10.204.249.225;10.175.217.149;10000;web-browsing
2026-06-17T10:12:53.100+0000;IE1ENSFW01;10.204.249.225;10.175.217.245;10002;web-browsing
2026-06-17T12:29:42.100+0000;IE1ENSFW01;10.204.9.53;172.30.1.92;9093;ssl
2026-06-17T12:29:38.100+0000;IE1ENSFW01;10.204.9.53;172.30.1.12;9093;ssl
2026-06-17T12:29:42.100+0000;IE1ENSFW01;10.204.249.187;10.175.218.214;40080;web-browsing
2026-06-17T11:14:21.100+0000;IE1ENSFW01;10.204.249.187;10.175.217.101;9580;web-browsing
2026-06-17T11:02:09.100+0000;IE1ENSFW01;10.204.249.187;10.175.216.101;10011;web-browsing
2026-06-17T10:57:11.100+0000;IE1ENSFW01;10.204.249.187;10.175.217.36;10005;web-browsing
2026-06-17T10:31:30.100+0000;IE1ENSFW01;10.204.249.187;10.175.217.82;10013;web-browsing
2026-06-17T10:26:31.100+0000;IE1ENSFW01;10.204.249.187;10.175.217.124;10000;web-browsing
2026-06-17T10:21:07.100+0000;IE1ENSFW01;10.204.249.187;10.175.217.149;8830;web-browsing
2026-06-17T12:29:39.100+0000;IE1ENSFW01;10.204.249.235;10.175.218.214;10003;web-browsing
2026-06-17T11:16:47.100+0000;IE1ENSFW01;10.204.249.235;10.175.217.101;10014;web-browsing
2026-06-17T11:05:58.100+0000;IE1ENSFW01;10.204.249.235;10.175.216.101;10008;web-browsing
2026-06-17T11:01:34.100+0000;IE1ENSFW01;10.204.249.235;10.175.217.36;3000;web-browsing
2026-06-17T10:34:06.100+0000;IE1ENSFW01;10.204.249.235;10.175.217.82;3000;web-browsing
2026-06-17T10:28:22.100+0000;IE1ENSFW01;10.204.249.235;10.175.217.124;10009;web-browsing
2026-06-17T10:21:23.100+0000;IE1ENSFW01;10.204.249.235;10.175.217.149;10005;web-browsing
2026-06-17T12:29:39.100+0000;IE1ENSFW01;10.118.85.94;10.175.189.59;49399;non-syn-tcp
2026-06-17T12:29:39.100+0000;IE1ENSFW01;10.118.85.94;10.175.189.91;51690;non-syn-tcp
2026-06-17T12:29:05.100+0000;IE1ENSFW01;10.118.85.94;10.175.189.184;29991;non-syn-tcp
2026-06-17T12:29:36.100+0000;IE1ENSFW01;10.118.85.74;10.175.189.59;48981;non-syn-tcp
2026-06-17T12:29:36.100+0000;IE1ENSFW01;10.118.85.74;10.175.189.91;36972;non-syn-tcp
2026-06-17T12:28:30.100+0000;IE1ENSFW01;10.118.85.74;10.175.189.184;24423;non-syn-tcp
2026-06-17T12:29:35.100+0000;IE1ENSFW01;10.204.249.181;10.175.218.214;3000;web-browsing
2026-06-17T11:14:33.100+0000;IE1ENSFW01;10.204.249.181;10.175.217.101;8830;web-browsing
2026-06-17T11:04:46.100+0000;IE1ENSFW01;10.204.249.181;10.175.216.101;40081;web-browsing
2026-06-17T10:33:48.100+0000;IE1ENSFW01;10.204.249.181;10.175.217.82;10012;web-browsing
2026-06-17T10:28:52.100+0000;IE1ENSFW01;10.204.249.181;10.175.217.124;3000;web-browsing
2026-06-17T10:22:02.100+0000;IE1ENSFW01;10.204.249.181;10.175.217.149;10004;web-browsing
2026-06-17T10:16:41.100+0000;IE1ENSFW01;10.204.249.181;10.175.217.245;10003;web-browsing
2026-06-17T12:29:34.100+0000;IE1ENSFW01;10.204.249.144;10.175.218.214;10011;web-browsing
2026-06-17T11:13:54.100+0000;IE1ENSFW01;10.204.249.144;10.175.217.101;40081;web-browsing
2026-06-17T11:05:17.100+0000;IE1ENSFW01;10.204.249.144;10.175.216.101;10009;web-browsing
2026-06-17T11:01:14.100+0000;IE1ENSFW01;10.204.249.144;10.175.217.36;10013;web-browsing
2026-06-17T10:32:36.100+0000;IE1ENSFW01;10.204.249.144;10.175.217.82;10007;web-browsing
2026-06-17T10:27:34.100+0000;IE1ENSFW01;10.204.249.144;10.175.217.124;10007;web-browsing
2026-06-17T10:21:00.100+0000;IE1ENSFW01;10.204.249.144;10.175.217.149;10013;web-browsing
2026-06-17T10:16:28.100+0000;IE1ENSFW01;10.204.249.144;10.175.217.245;10004;web-browsing
2026-06-17T12:29:33.100+0000;IE1ENSFW01;10.204.82.232;10.159.177.89;5671;ssl
2026-06-17T12:29:03.100+0000;IE1ENSFW01;10.204.82.232;10.159.181.113;5671;ssl
2026-06-17T12:27:02.100+0000;IE1ENSFW01;10.204.82.232;10.159.186.224;5671;ssl
2026-06-17T12:29:32.100+0000;IE1ENSFW01;10.136.91.9;10.159.181.113;5671;ssl
2026-06-17T12:29:32.100+0000;IE1ENSFW01;10.136.91.9;10.159.186.224;5671;ssl
2026-06-17T12:27:32.100+0000;IE1ENSFW01;10.136.91.9;10.159.177.89;5671;ssl
2026-06-17T12:29:31.100+0000;IE1ENSFW01;10.204.249.189;10.175.218.214;10002;web-browsing
2026-06-17T11:15:53.100+0000;IE1ENSFW01;10.204.249.189;10.175.217.101;10006;web-browsing
2026-06-17T11:06:02.100+0000;IE1ENSFW01;10.204.249.189;10.175.216.101;40080;web-browsing
2026-06-17T10:57:38.100+0000;IE1ENSFW01;10.204.249.189;10.175.217.36;10012;web-browsing
2026-06-17T10:33:29.100+0000;IE1ENSFW01;10.204.249.189;10.175.217.82;10001;web-browsing
2026-06-17T10:24:54.100+0000;IE1ENSFW01;10.204.249.189;10.175.217.124;10009;web-browsing
2026-06-17T10:20:24.100+0000;IE1ENSFW01;10.204.249.189;10.175.217.149;10010;web-browsing
2026-06-17T10:14:57.100+0000;IE1ENSFW01;10.204.249.189;10.175.217.245;8580;web-browsing
2026-06-17T12:29:25.100+0000;IE1ENSFW01;10.146.2.93;10.246.247.126;48924;incomplete
2026-06-17T12:26:36.100+0000;IE1ENSFW01;10.146.2.93;10.246.241.111;41026;incomplete
2026-06-17T12:26:35.100+0000;IE1ENSFW01;10.146.2.93;10.246.242.218;58602;incomplete
2026-06-17T12:02:07.100+0000;IE1ENSFW01;10.146.2.93;10.246.242.78;52272;incomplete
2026-06-17T11:21:21.100+0000;IE1ENSFW01;10.146.2.93;10.246.240.212;59478;incomplete
2026-06-17T11:21:18.100+0000;IE1ENSFW01;10.146.2.93;10.246.251.199;54944;incomplete
2026-06-17T10:29:49.100+0000;IE1ENSFW01;10.146.2.93;10.246.240.26;60584;incomplete
2026-06-17T10:15:51.100+0000;IE1ENSFW01;10.146.2.93;10.246.248.76;54850;incomplete
2026-06-17T09:44:10.100+0000;IE1ENSFW01;10.146.2.93;10.246.240.61;35384;incomplete
2026-06-17T12:29:24.100+0000;IE1ENSFW01;10.118.100.119;10.44.216.24;62550;non-syn-tcp
2026-06-17T12:08:52.100+0000;IE1ENSFW01;10.118.100.119;10.44.167.179;10696;non-syn-tcp
2026-06-17T11:49:36.100+0000;IE1ENSFW01;10.118.100.119;10.44.170.220;25289;non-syn-tcp
2026-06-17T11:43:20.100+0000;IE1ENSFW01;10.118.100.119;10.44.226.2;1708;non-syn-tcp
2026-06-17T11:23:49.100+0000;IE1ENSFW01;10.118.100.119;10.44.204.140;20329;non-syn-tcp
2026-06-17T11:13:49.100+0000;IE1ENSFW01;10.118.100.119;10.44.201.108;32978;non-syn-tcp
2026-06-17T10:54:47.100+0000;IE1ENSFW01;10.118.100.119;10.44.210.137;21691;non-syn-tcp
2026-06-17T10:36:14.100+0000;IE1ENSFW01;10.118.100.119;10.44.163.75;30603;non-syn-tcp
2026-06-17T12:29:24.100+0000;IE1ENSFW01;10.118.100.124;10.44.216.24;4895;non-syn-tcp
2026-06-17T11:54:37.100+0000;IE1ENSFW01;10.118.100.124;10.44.170.220;51753;non-syn-tcp
2026-06-17T11:30:19.100+0000;IE1ENSFW01;10.118.100.124;10.44.210.137;39027;non-syn-tcp
2026-06-17T10:30:00.100+0000;IE1ENSFW01;10.118.100.124;10.44.163.75;48367;non-syn-tcp
2026-06-17T12:29:23.100+0000;IE1ENSFW01;10.118.85.89;10.175.189.59;8914;non-syn-tcp
2026-06-17T12:29:23.100+0000;IE1ENSFW01;10.118.85.89;10.175.189.91;63062;non-syn-tcp
2026-06-17T12:28:51.100+0000;IE1ENSFW01;10.118.85.89;10.175.189.184;40395;non-syn-tcp
2026-06-17T12:29:22.100+0000;IE1ENSFW01;10.17.128.22;10.175.164.29;3389;ms-rdp
2026-06-17T12:29:07.100+0000;IE1ENSFW01;10.17.128.22;10.175.164.124;3389;ms-rdp
2026-06-17T12:20:52.100+0000;IE1ENSFW01;10.17.128.22;172.30.250.47;39890;incomplete
2026-06-17T12:03:57.100+0000;IE1ENSFW01;10.17.128.22;10.175.164.69;3389;ms-rdp
2026-06-17T11:08:42.100+0000;IE1ENSFW01;10.17.128.22;10.175.164.17;3389;ms-rdp
2026-06-17T11:03:33.100+0000;IE1ENSFW01;10.17.128.22;10.175.164.4;3389;ms-rdp
2026-06-17T09:44:34.100+0000;IE1ENSFW01;10.17.128.22;10.175.164.52;3389;ms-rdp
2026-06-17T12:29:21.100+0000;IE1ENSFW01;10.118.85.84;10.175.189.184;60434;non-syn-tcp
2026-06-17T12:29:21.100+0000;IE1ENSFW01;10.118.85.84;10.175.189.59;42145;non-syn-tcp
2026-06-17T12:29:21.100+0000;IE1ENSFW01;10.118.85.84;10.175.189.91;44350;non-syn-tcp
2026-06-17T12:29:21.100+0000;IE1ENSFW01;10.178.63.172;10.44.167.179;29738;non-syn-tcp
2026-06-17T12:12:19.100+0000;IE1ENSFW01;10.178.63.172;10.44.170.220;62098;non-syn-tcp
2026-06-17T11:36:30.100+0000;IE1ENSFW01;10.178.63.172;10.44.226.2;4073;non-syn-tcp
2026-06-17T10:24:41.100+0000;IE1ENSFW01;10.178.63.172;10.44.201.108;59812;non-syn-tcp
2026-06-17T12:29:20.100+0000;IE1ENSFW01;10.178.63.184;10.44.167.179;55144;non-syn-tcp
2026-06-17T12:12:18.100+0000;IE1ENSFW01;10.178.63.184;10.44.170.220;49727;non-syn-tcp
2026-06-17T11:54:17.100+0000;IE1ENSFW01;10.178.63.184;10.44.226.2;50098;non-syn-tcp
2026-06-17T10:38:41.100+0000;IE1ENSFW01;10.178.63.184;10.44.170.250;9541;non-syn-tcp
2026-06-17T10:24:40.100+0000;IE1ENSFW01;10.178.63.184;10.44.201.108;8555;non-syn-tcp
2026-06-17T12:29:14.100+0000;IE1ENSFW01;10.118.85.72;10.175.189.59;17099;non-syn-tcp
2026-06-17T12:29:14.100+0000;IE1ENSFW01;10.118.85.72;10.175.189.91;24409;non-syn-tcp
2026-06-17T12:29:14.100+0000;IE1ENSFW01;10.118.85.72;10.175.189.184;38386;non-syn-tcp
2026-06-17T12:29:09.100+0000;IE1ENSFW01;10.204.249.170;10.175.218.214;10001;web-browsing
2026-06-17T11:16:27.100+0000;IE1ENSFW01;10.204.249.170;10.175.217.101;10001;web-browsing
2026-06-17T11:04:18.100+0000;IE1ENSFW01;10.204.249.170;10.175.216.101;10014;web-browsing
2026-06-17T10:59:50.100+0000;IE1ENSFW01;10.204.249.170;10.175.217.36;10003;web-browsing
2026-06-17T10:33:58.100+0000;IE1ENSFW01;10.204.249.170;10.175.217.82;10014;web-browsing
2026-06-17T10:27:54.100+0000;IE1ENSFW01;10.204.249.170;10.175.217.124;10010;web-browsing
2026-06-17T10:22:22.100+0000;IE1ENSFW01;10.204.249.170;10.175.217.149;40080;web-browsing
2026-06-17T10:18:53.100+0000;IE1ENSFW01;10.204.249.170;10.175.217.245;8830;web-browsing
2026-06-17T12:29:08.100+0000;IE1ENSFW01;10.204.249.207;10.175.218.214;10013;web-browsing
2026-06-17T11:14:21.100+0000;IE1ENSFW01;10.204.249.207;10.175.217.101;8580;web-browsing
2026-06-17T11:03:08.100+0000;IE1ENSFW01;10.204.249.207;10.175.216.101;10012;web-browsing
2026-06-17T10:57:02.100+0000;IE1ENSFW01;10.204.249.207;10.175.217.36;10007;web-browsing
2026-06-17T10:31:17.100+0000;IE1ENSFW01;10.204.249.207;10.175.217.82;40080;web-browsing
2026-06-17T10:22:58.100+0000;IE1ENSFW01;10.204.249.207;10.175.217.124;40080;web-browsing
2026-06-17T10:19:25.100+0000;IE1ENSFW01;10.204.249.207;10.175.217.245;10001;web-browsing
2026-06-17T10:16:57.100+0000;IE1ENSFW01;10.204.249.207;10.175.217.149;10000;web-browsing
2026-06-17T12:29:06.100+0000;IE1ENSFW01;10.40.9.144;172.21.232.116;3389;ms-rdp
2026-06-17T12:29:04.100+0000;IE1ENSFW01;10.40.9.144;172.21.232.114;3389;ms-rdp
2026-06-17T12:27:03.100+0000;IE1ENSFW01;10.40.9.144;172.21.232.73;3389;ms-rdp
2026-06-17T12:26:52.100+0000;IE1ENSFW01;10.40.9.144;172.21.232.125;3389;ms-rdp
2026-06-17T12:26:49.100+0000;IE1ENSFW01;10.40.9.144;172.21.232.112;3389;ms-rdp
2026-06-17T12:25:17.100+0000;IE1ENSFW01;10.40.9.144;172.21.232.111;3389;ms-rdp
2026-06-17T12:23:12.100+0000;IE1ENSFW01;10.40.9.144;172.21.232.105;3389;ms-rdp
2026-06-17T12:22:55.100+0000;IE1ENSFW01;10.40.9.144;172.21.232.51;3389;ms-rdp
2026-06-17T12:21:58.100+0000;IE1ENSFW01;10.40.9.144;172.21.232.7;3389;ms-rdp
2026-06-17T12:21:17.100+0000;IE1ENSFW01;10.40.9.144;10.175.209.36;3389;ms-rdp
2026-06-17T12:21:04.100+0000;IE1ENSFW01;10.40.9.144;172.21.232.122;3389;ms-rdp
2026-06-17T12:20:46.100+0000;IE1ENSFW01;10.40.9.144;172.21.232.124;3389;ms-rdp
2026-06-17T12:20:05.100+0000;IE1ENSFW01;10.40.9.144;10.175.208.46;3389;ms-rdp
2026-06-17T12:19:51.100+0000;IE1ENSFW01;10.40.9.144;172.21.232.102;3389;ms-rdp
2026-06-17T12:17:46.100+0000;IE1ENSFW01;10.40.9.144;172.21.232.54;3389;ms-rdp
2026-06-17T12:16:32.100+0000;IE1ENSFW01;10.40.9.144;172.21.232.61;3389;ms-rdp
2026-06-17T12:15:45.100+0000;IE1ENSFW01;10.40.9.144;172.21.232.81;3389;ms-rdp
2026-06-17T12:15:32.100+0000;IE1ENSFW01;10.40.9.144;172.21.232.29;3389;ms-rdp
2026-06-17T12:11:21.100+0000;IE1ENSFW01;10.40.9.144;172.21.232.56;3389;ms-rdp
2026-06-17T12:09:56.100+0000;IE1ENSFW01;10.40.9.144;172.21.232.23;3389;ms-rdp
2026-06-17T12:02:15.100+0000;IE1ENSFW01;10.40.9.144;172.21.232.34;3389;ms-rdp
2026-06-17T11:59:46.100+0000;IE1ENSFW01;10.40.9.144;172.21.232.182;3389;ms-rdp
2026-06-17T11:53:21.100+0000;IE1ENSFW01;10.40.9.144;10.175.208.101;3389;ms-rdp
2026-06-17T11:47:37.100+0000;IE1ENSFW01;10.40.9.144;172.21.232.78;3389;ms-rdp
2026-06-17T09:58:25.100+0000;IE1ENSFW01;10.40.9.144;172.21.232.5;3389;ms-rdp
2026-06-17T12:28:59.100+0000;IE1ENSFW01;10.42.9.144;10.175.209.78;3389;ms-rdp
2026-06-17T11:49:00.100+0000;IE1ENSFW01;10.42.9.144;10.175.208.145;3389;ms-rdp
2026-06-17T11:46:08.100+0000;IE1ENSFW01;10.42.9.144;172.21.232.114;3389;ms-rdp
2026-06-17T10:09:36.100+0000;IE1ENSFW01;10.42.9.144;10.175.208.101;3389;ms-rdp
2026-06-17T12:28:43.100+0000;IE1ENSFW01;10.204.249.202;10.175.218.214;10000;web-browsing
2026-06-17T11:16:31.100+0000;IE1ENSFW01;10.204.249.202;10.175.217.101;8580;web-browsing
2026-06-17T11:06:31.100+0000;IE1ENSFW01;10.204.249.202;10.175.216.101;10002;web-browsing
2026-06-17T11:00:58.100+0000;IE1ENSFW01;10.204.249.202;10.175.217.36;40080;web-browsing
2026-06-17T10:31:55.100+0000;IE1ENSFW01;10.204.249.202;10.175.217.82;10012;web-browsing
2026-06-17T10:29:42.100+0000;IE1ENSFW01;10.204.249.202;10.175.217.124;8830;web-browsing
2026-06-17T10:14:23.100+0000;IE1ENSFW01;10.204.249.202;10.175.217.245;10010;web-browsing
2026-06-17T10:11:11.100+0000;IE1ENSFW01;10.204.249.202;10.175.217.149;40080;web-browsing
2026-06-17T12:28:39.100+0000;IE1ENSFW01;10.145.5.50;10.246.180.215;43452;incomplete
2026-06-17T12:07:02.100+0000;IE1ENSFW01;10.145.5.50;10.246.179.99;40716;incomplete
2026-06-17T11:55:04.100+0000;IE1ENSFW01;10.145.5.50;10.246.187.155;47520;incomplete
2026-06-17T11:47:15.100+0000;IE1ENSFW01;10.145.5.50;10.246.178.125;36124;incomplete
2026-06-17T11:41:16.100+0000;IE1ENSFW01;10.145.5.50;10.246.187.122;46808;incomplete
2026-06-17T11:34:04.100+0000;IE1ENSFW01;10.145.5.50;10.246.179.117;47488;incomplete
2026-06-17T11:07:22.100+0000;IE1ENSFW01;10.145.5.50;10.246.184.197;59446;incomplete
2026-06-17T11:01:22.100+0000;IE1ENSFW01;10.145.5.50;10.246.183.153;43760;incomplete
2026-06-17T10:49:21.100+0000;IE1ENSFW01;10.145.5.50;10.246.186.252;49790;incomplete
2026-06-17T09:51:11.100+0000;IE1ENSFW01;10.145.5.50;10.246.184.161;36860;incomplete
2026-06-17T09:47:07.100+0000;IE1ENSFW01;10.145.5.50;10.246.176.21;33702;incomplete
2026-06-17T12:28:39.100+0000;IE1ENSFW01;10.146.2.20;10.246.240.26;57038;incomplete
2026-06-17T12:19:30.100+0000;IE1ENSFW01;10.146.2.20;10.246.244.166;54022;incomplete
2026-06-17T12:16:48.100+0000;IE1ENSFW01;10.146.2.20;10.246.248.235;54552;incomplete
2026-06-17T12:09:23.100+0000;IE1ENSFW01;10.146.2.20;10.246.247.250;41948;incomplete
2026-06-17T11:21:21.100+0000;IE1ENSFW01;10.146.2.20;10.246.247.59;33574;incomplete
2026-06-17T11:02:50.100+0000;IE1ENSFW01;10.146.2.20;10.246.249.230;41274;incomplete
2026-06-17T10:38:54.100+0000;IE1ENSFW01;10.146.2.20;10.246.241.110;59550;incomplete
2026-06-17T10:29:51.100+0000;IE1ENSFW01;10.146.2.20;10.246.251.59;52674;incomplete
2026-06-17T09:48:09.100+0000;IE1ENSFW01;10.146.2.20;10.246.241.210;36132;incomplete
2026-06-17T12:28:39.100+0000;IE1ENSFW01;10.163.128.97;10.175.189.59;23259;incomplete
2026-06-17T11:46:40.100+0000;IE1ENSFW01;10.163.128.97;10.175.189.184;52415;incomplete
2026-06-17T10:42:40.100+0000;IE1ENSFW01;10.163.128.97;10.175.189.91;64048;incomplete
2026-06-17T12:28:39.100+0000;IE1ENSFW01;10.145.2.20;10.246.243.212;35706;incomplete
2026-06-17T12:28:32.100+0000;IE1ENSFW01;10.145.2.20;10.246.251.194;48966;incomplete
2026-06-17T12:28:32.100+0000;IE1ENSFW01;10.145.2.20;10.246.240.61;49128;incomplete
2026-06-17T12:28:31.100+0000;IE1ENSFW01;10.145.2.20;10.246.251.157;45894;incomplete
2026-06-17T12:22:31.100+0000;IE1ENSFW01;10.145.2.20;10.246.246.93;52638;incomplete
2026-06-17T12:22:31.100+0000;IE1ENSFW01;10.145.2.20;10.246.244.100;46474;incomplete
2026-06-17T12:12:53.100+0000;IE1ENSFW01;10.145.2.20;10.246.247.12;47974;incomplete
2026-06-17T12:03:03.100+0000;IE1ENSFW01;10.145.2.20;10.246.245.254;52660;incomplete
2026-06-17T11:59:02.100+0000;IE1ENSFW01;10.145.2.20;10.246.241.110;54402;incomplete
2026-06-17T11:55:03.100+0000;IE1ENSFW01;10.145.2.20;10.246.251.202;57924;incomplete
2026-06-17T11:55:03.100+0000;IE1ENSFW01;10.145.2.20;10.246.244.166;58628;incomplete
2026-06-17T11:47:15.100+0000;IE1ENSFW01;10.145.2.20;10.246.241.111;37766;incomplete
2026-06-17T11:28:02.100+0000;IE1ENSFW01;10.145.2.20;10.246.247.250;43140;incomplete
2026-06-17T11:24:04.100+0000;IE1ENSFW01;10.145.2.20;10.246.248.235;34726;incomplete
2026-06-17T11:05:21.100+0000;IE1ENSFW01;10.145.2.20;10.246.242.78;50708;incomplete
2026-06-17T11:03:22.100+0000;IE1ENSFW01;10.145.2.20;10.246.249.111;42842;incomplete
2026-06-17T10:43:22.100+0000;IE1ENSFW01;10.145.2.20;10.246.251.199;44104;incomplete
2026-06-17T10:43:22.100+0000;IE1ENSFW01;10.145.2.20;10.246.241.210;51900;incomplete
2026-06-17T10:32:56.100+0000;IE1ENSFW01;10.145.2.20;10.246.247.106;41396;incomplete
2026-06-17T10:13:52.100+0000;IE1ENSFW01;10.145.2.20;10.246.248.76;48278;incomplete
2026-06-17T09:55:11.100+0000;IE1ENSFW01;10.145.2.20;10.246.249.134;56770;incomplete
2026-06-17T09:51:09.100+0000;IE1ENSFW01;10.145.2.20;10.246.248.132;35480;incomplete
2026-06-17T12:28:38.100+0000;IE1ENSFW01;10.146.5.52;10.246.251.199;44306;incomplete
2026-06-17T12:28:38.100+0000;IE1ENSFW01;10.146.5.52;10.246.249.230;52998;incomplete
2026-06-17T12:28:38.100+0000;IE1ENSFW01;10.145.2.154;10.246.248.76;40640;incomplete
2026-06-17T12:24:32.100+0000;IE1ENSFW01;10.145.2.154;10.246.240.26;54576;incomplete
2026-06-17T12:24:31.100+0000;IE1ENSFW01;10.145.2.154;10.246.247.126;58622;incomplete
2026-06-17T12:14:54.100+0000;IE1ENSFW01;10.145.2.154;10.246.250.15;41478;incomplete
2026-06-17T12:09:02.100+0000;IE1ENSFW01;10.145.2.154;10.246.245.254;50318;incomplete
2026-06-17T12:03:03.100+0000;IE1ENSFW01;10.145.2.154;10.246.249.230;57260;incomplete
2026-06-17T12:03:03.100+0000;IE1ENSFW01;10.145.2.154;10.246.244.166;47748;incomplete
2026-06-17T11:55:04.100+0000;IE1ENSFW01;10.145.2.154;10.246.249.134;47074;incomplete
2026-06-17T11:55:04.100+0000;IE1ENSFW01;10.145.2.154;10.246.247.59;45322;incomplete
2026-06-17T11:55:02.100+0000;IE1ENSFW01;10.145.2.154;10.246.250.226;42874;incomplete
2026-06-17T11:41:16.100+0000;IE1ENSFW01;10.145.2.154;10.246.241.111;35242;incomplete
2026-06-17T11:28:04.100+0000;IE1ENSFW01;10.145.2.154;10.246.240.85;40182;incomplete
2026-06-17T11:23:58.100+0000;IE1ENSFW01;10.145.2.154;10.246.251.157;51394;incomplete
2026-06-17T11:06:37.100+0000;IE1ENSFW01;10.145.2.154;10.246.246.199;42518;incomplete
2026-06-17T10:49:21.100+0000;IE1ENSFW01;10.145.2.154;10.246.242.38;51850;incomplete
2026-06-17T10:46:38.100+0000;IE1ENSFW01;10.145.2.154;10.246.244.210;38706;incomplete
2026-06-17T12:28:31.100+0000;IE1ENSFW01;10.145.4.156;10.246.182.186;44510;incomplete
2026-06-17T12:26:38.100+0000;IE1ENSFW01;10.145.4.156;10.246.183.121;37468;incomplete
2026-06-17T12:17:34.100+0000;IE1ENSFW01;10.145.4.156;10.246.183.153;40252;incomplete
2026-06-17T12:16:51.100+0000;IE1ENSFW01;10.145.4.156;10.246.178.246;41328;incomplete
2026-06-17T11:55:03.100+0000;IE1ENSFW01;10.145.4.156;10.246.184.10;36002;incomplete
2026-06-17T11:49:16.100+0000;IE1ENSFW01;10.145.4.156;10.246.182.66;36264;incomplete
2026-06-17T11:47:16.100+0000;IE1ENSFW01;10.145.4.156;10.246.182.17;56006;incomplete
2026-06-17T11:45:15.100+0000;IE1ENSFW01;10.145.4.156;10.246.186.206;40988;incomplete
2026-06-17T11:30:05.100+0000;IE1ENSFW01;10.145.4.156;10.246.178.158;52618;incomplete
2026-06-17T11:28:02.100+0000;IE1ENSFW01;10.145.4.156;10.246.177.74;43836;incomplete
2026-06-17T10:58:38.100+0000;IE1ENSFW01;10.145.4.156;10.246.180.215;37124;incomplete
2026-06-17T10:50:37.100+0000;IE1ENSFW01;10.145.4.156;10.246.187.93;36516;incomplete
2026-06-17T10:34:56.100+0000;IE1ENSFW01;10.145.4.156;10.246.180.184;59016;incomplete
2026-06-17T09:51:11.100+0000;IE1ENSFW01;10.145.4.156;10.246.186.27;48338;incomplete
2026-06-17T12:28:31.100+0000;IE1ENSFW01;10.145.5.49;10.246.69.116;51502;incomplete
2026-06-17T12:22:32.100+0000;IE1ENSFW01;10.145.5.49;10.246.68.198;38872;incomplete
2026-06-17T12:16:53.100+0000;IE1ENSFW01;10.145.5.49;10.246.67.0;43678;incomplete
2026-06-17T12:03:03.100+0000;IE1ENSFW01;10.145.5.49;10.246.65.109;44460;incomplete
2026-06-17T11:55:02.100+0000;IE1ENSFW01;10.145.5.49;10.246.67.214;41822;incomplete
2026-06-17T11:51:31.100+0000;IE1ENSFW01;10.145.5.49;10.246.69.71;44240;incomplete
2026-06-17T11:49:16.100+0000;IE1ENSFW01;10.145.5.49;10.246.69.224;56792;incomplete
2026-06-17T11:37:16.100+0000;IE1ENSFW01;10.145.5.49;10.246.69.114;38004;incomplete
2026-06-17T11:32:05.100+0000;IE1ENSFW01;10.145.5.49;10.246.68.129;50224;incomplete
2026-06-17T10:28:55.100+0000;IE1ENSFW01;10.145.5.49;10.246.66.88;44544;incomplete
2026-06-17T09:49:11.100+0000;IE1ENSFW01;10.145.5.49;10.246.64.158;55602;incomplete
2026-06-17T12:28:08.100+0000;IE1ENSFW01;10.204.249.133;10.175.218.214;10010;web-browsing
2026-06-17T11:11:27.100+0000;IE1ENSFW01;10.204.249.133;10.175.217.101;10001;web-browsing
2026-06-17T11:04:29.100+0000;IE1ENSFW01;10.204.249.133;10.175.216.101;10000;web-browsing
2026-06-17T11:02:06.100+0000;IE1ENSFW01;10.204.249.133;10.175.217.36;10000;web-browsing
2026-06-17T10:32:00.100+0000;IE1ENSFW01;10.204.249.133;10.175.217.82;10000;web-browsing
2026-06-17T10:27:17.100+0000;IE1ENSFW01;10.204.249.133;10.175.217.124;10003;web-browsing
2026-06-17T10:18:43.100+0000;IE1ENSFW01;10.204.249.133;10.175.217.149;8580;web-browsing
2026-06-17T10:15:35.100+0000;IE1ENSFW01;10.204.249.133;10.175.217.245;10000;web-browsing
2026-06-17T12:27:45.100+0000;IE1ENSFW01;10.204.249.164;10.175.218.214;10012;web-browsing
2026-06-17T11:14:53.100+0000;IE1ENSFW01;10.204.249.164;10.175.217.101;3000;web-browsing
2026-06-17T11:06:25.100+0000;IE1ENSFW01;10.204.249.164;10.175.216.101;10012;web-browsing
2026-06-17T10:58:06.100+0000;IE1ENSFW01;10.204.249.164;10.175.217.36;3000;web-browsing
2026-06-17T10:32:21.100+0000;IE1ENSFW01;10.204.249.164;10.175.217.82;10005;web-browsing
2026-06-17T10:26:10.100+0000;IE1ENSFW01;10.204.249.164;10.175.217.124;40080;web-browsing
2026-06-17T10:22:57.100+0000;IE1ENSFW01;10.204.249.164;10.175.217.149;10013;web-browsing
2026-06-17T10:14:29.100+0000;IE1ENSFW01;10.204.249.164;10.175.217.245;10014;web-browsing
2026-06-17T12:27:23.100+0000;IE1ENSFW01;10.204.249.131;10.175.218.214;10014;web-browsing
2026-06-17T11:16:03.100+0000;IE1ENSFW01;10.204.249.131;10.175.217.101;10000;web-browsing
2026-06-17T11:06:44.100+0000;IE1ENSFW01;10.204.249.131;10.175.216.101;3000;web-browsing
2026-06-17T11:01:57.100+0000;IE1ENSFW01;10.204.249.131;10.175.217.36;8580;web-browsing
2026-06-17T10:32:58.100+0000;IE1ENSFW01;10.204.249.131;10.175.217.82;10004;web-browsing
2026-06-17T10:25:44.100+0000;IE1ENSFW01;10.204.249.131;10.175.217.124;10012;web-browsing
2026-06-17T10:21:53.100+0000;IE1ENSFW01;10.204.249.131;10.175.217.149;10011;web-browsing
2026-06-17T10:14:18.100+0000;IE1ENSFW01;10.204.249.131;10.175.217.245;10012;web-browsing
2026-06-17T12:27:22.100+0000;IE1ENSFW01;10.204.249.232;10.175.218.214;10007;web-browsing
2026-06-17T11:16:16.100+0000;IE1ENSFW01;10.204.249.232;10.175.217.101;10013;web-browsing
2026-06-17T11:01:43.100+0000;IE1ENSFW01;10.204.249.232;10.175.216.101;40081;web-browsing
2026-06-17T10:53:00.100+0000;IE1ENSFW01;10.204.249.232;10.175.217.36;10004;web-browsing
2026-06-17T10:31:38.100+0000;IE1ENSFW01;10.204.249.232;10.175.217.82;8580;web-browsing
2026-06-17T10:24:21.100+0000;IE1ENSFW01;10.204.249.232;10.175.217.124;10008;web-browsing
2026-06-17T10:21:08.100+0000;IE1ENSFW01;10.204.249.232;10.175.217.149;9580;web-browsing
2026-06-17T10:18:38.100+0000;IE1ENSFW01;10.204.249.232;10.175.217.245;9580;web-browsing
2026-06-17T12:27:11.100+0000;IE1ENSFW01;10.204.249.212;10.175.218.214;10002;web-browsing
2026-06-17T11:15:44.100+0000;IE1ENSFW01;10.204.249.212;10.175.217.101;10011;web-browsing
2026-06-17T11:04:50.100+0000;IE1ENSFW01;10.204.249.212;10.175.216.101;10005;web-browsing
2026-06-17T10:55:32.100+0000;IE1ENSFW01;10.204.249.212;10.175.217.36;8580;web-browsing
2026-06-17T10:33:13.100+0000;IE1ENSFW01;10.204.249.212;10.175.217.82;40080;web-browsing
2026-06-17T10:29:39.100+0000;IE1ENSFW01;10.204.249.212;10.175.217.124;8580;web-browsing
2026-06-17T10:22:09.100+0000;IE1ENSFW01;10.204.249.212;10.175.217.149;10012;web-browsing
2026-06-17T10:10:39.100+0000;IE1ENSFW01;10.204.249.212;10.175.217.245;10008;web-browsing
2026-06-17T12:27:10.100+0000;IE1ENSFW01;10.204.249.245;10.175.218.214;10009;web-browsing
2026-06-17T11:14:46.100+0000;IE1ENSFW01;10.204.249.245;10.175.217.101;40080;web-browsing
2026-06-17T11:06:33.100+0000;IE1ENSFW01;10.204.249.245;10.175.216.101;10014;web-browsing
2026-06-17T11:02:37.100+0000;IE1ENSFW01;10.204.249.245;10.175.217.36;40081;web-browsing
2026-06-17T10:32:07.100+0000;IE1ENSFW01;10.204.249.245;10.175.217.82;10003;web-browsing
2026-06-17T10:30:26.100+0000;IE1ENSFW01;10.204.249.245;10.175.217.124;10001;web-browsing
2026-06-17T10:19:21.100+0000;IE1ENSFW01;10.204.249.245;10.175.217.149;10001;web-browsing
2026-06-17T10:16:19.100+0000;IE1ENSFW01;10.204.249.245;10.175.217.245;10006;web-browsing
2026-06-17T12:27:02.100+0000;IE1ENSFW01;10.204.249.140;10.175.218.214;10008;web-browsing
2026-06-17T11:16:06.100+0000;IE1ENSFW01;10.204.249.140;10.175.217.101;40080;web-browsing
2026-06-17T11:02:44.100+0000;IE1ENSFW01;10.204.249.140;10.175.216.101;3000;web-browsing
2026-06-17T10:32:30.100+0000;IE1ENSFW01;10.204.249.140;10.175.217.82;10009;web-browsing
2026-06-17T10:22:55.100+0000;IE1ENSFW01;10.204.249.140;10.175.217.124;10011;web-browsing
2026-06-17T10:18:47.100+0000;IE1ENSFW01;10.204.249.140;10.175.217.245;8580;web-browsing
2026-06-17T10:10:07.100+0000;IE1ENSFW01;10.204.249.140;10.175.217.149;8580;web-browsing
2026-06-17T12:26:51.100+0000;IE1ENSFW01;10.204.249.163;10.175.218.214;10001;web-browsing
2026-06-17T11:16:20.100+0000;IE1ENSFW01;10.204.249.163;10.175.217.101;10010;web-browsing
2026-06-17T11:06:52.100+0000;IE1ENSFW01;10.204.249.163;10.175.216.101;8580;web-browsing
2026-06-17T11:00:35.100+0000;IE1ENSFW01;10.204.249.163;10.175.217.36;10010;web-browsing
2026-06-17T10:31:51.100+0000;IE1ENSFW01;10.204.249.163;10.175.217.82;8830;web-browsing
2026-06-17T10:27:25.100+0000;IE1ENSFW01;10.204.249.163;10.175.217.124;10002;web-browsing
2026-06-17T10:15:34.100+0000;IE1ENSFW01;10.204.249.163;10.175.217.149;10004;web-browsing
2026-06-17T10:10:06.100+0000;IE1ENSFW01;10.204.249.163;10.175.217.245;10009;web-browsing
2026-06-17T12:26:47.100+0000;IE1ENSFW01;10.204.249.246;10.175.218.214;40081;web-browsing
2026-06-17T11:15:29.100+0000;IE1ENSFW01;10.204.249.246;10.175.217.101;10009;web-browsing
2026-06-17T11:03:01.100+0000;IE1ENSFW01;10.204.249.246;10.175.216.101;10001;web-browsing
2026-06-17T11:02:07.100+0000;IE1ENSFW01;10.204.249.246;10.175.217.36;10001;web-browsing
2026-06-17T10:31:50.100+0000;IE1ENSFW01;10.204.249.246;10.175.217.82;9580;web-browsing
2026-06-17T10:30:35.100+0000;IE1ENSFW01;10.204.249.246;10.175.217.124;40081;web-browsing
2026-06-17T10:21:00.100+0000;IE1ENSFW01;10.204.249.246;10.175.217.149;10000;web-browsing
2026-06-17T10:13:32.100+0000;IE1ENSFW01;10.204.249.246;10.175.217.245;10009;web-browsing
2026-06-17T12:26:46.100+0000;IE1ENSFW01;10.204.249.198;10.175.218.214;10000;web-browsing
2026-06-17T11:15:05.100+0000;IE1ENSFW01;10.204.249.198;10.175.217.101;10003;web-browsing
2026-06-17T11:05:19.100+0000;IE1ENSFW01;10.204.249.198;10.175.216.101;10010;web-browsing
2026-06-17T10:58:35.100+0000;IE1ENSFW01;10.204.249.198;10.175.217.36;8830;web-browsing
2026-06-17T10:33:20.100+0000;IE1ENSFW01;10.204.249.198;10.175.217.82;10008;web-browsing
2026-06-17T10:28:09.100+0000;IE1ENSFW01;10.204.249.198;10.175.217.124;10006;web-browsing
2026-06-17T10:22:48.100+0000;IE1ENSFW01;10.204.249.198;10.175.217.149;10000;web-browsing
2026-06-17T10:17:00.100+0000;IE1ENSFW01;10.204.249.198;10.175.217.245;10011;web-browsing
2026-06-17T12:26:39.100+0000;IE1ENSFW01;10.145.5.51;10.246.242.218;47074;incomplete
2026-06-17T12:26:38.100+0000;IE1ENSFW01;10.145.5.51;10.246.247.126;43594;incomplete
2026-06-17T11:55:04.100+0000;IE1ENSFW01;10.145.5.51;10.246.250.225;53374;incomplete
2026-06-17T11:29:58.100+0000;IE1ENSFW01;10.145.5.51;10.246.248.76;55648;incomplete
2026-06-17T11:28:02.100+0000;IE1ENSFW01;10.145.5.51;10.246.251.129;33602;incomplete
2026-06-17T11:14:02.100+0000;IE1ENSFW01;10.145.5.51;10.246.244.210;50384;incomplete
2026-06-17T10:58:37.100+0000;IE1ENSFW01;10.145.5.51;10.246.247.133;39044;incomplete
2026-06-17T10:55:22.100+0000;IE1ENSFW01;10.145.5.51;10.246.240.26;57534;incomplete
2026-06-17T10:24:55.100+0000;IE1ENSFW01;10.145.5.51;10.246.241.111;36232;incomplete
2026-06-17T09:51:08.100+0000;IE1ENSFW01;10.145.5.51;10.246.242.78;59410;incomplete
2026-06-17T12:26:39.100+0000;IE1ENSFW01;10.145.4.192;10.246.178.125;51042;incomplete
2026-06-17T11:34:39.100+0000;IE1ENSFW01;10.145.4.192;10.246.178.158;60754;incomplete
2026-06-17T11:29:58.100+0000;IE1ENSFW01;10.145.4.192;10.246.181.8;58288;incomplete
2026-06-17T11:26:01.100+0000;IE1ENSFW01;10.145.4.192;10.246.186.109;55684;incomplete
2026-06-17T11:12:03.100+0000;IE1ENSFW01;10.145.4.192;10.246.185.79;60832;incomplete
2026-06-17T10:54:01.100+0000;IE1ENSFW01;10.145.4.192;10.246.177.198;46822;incomplete
2026-06-17T12:26:38.100+0000;IE1ENSFW01;10.145.4.124;10.246.176.223;50846;incomplete
2026-06-17T12:16:53.100+0000;IE1ENSFW01;10.145.4.124;10.175.81.188;38440;incomplete
2026-06-17T11:42:14.100+0000;IE1ENSFW01;10.145.4.124;10.246.184.197;56282;incomplete
2026-06-17T11:19:58.100+0000;IE1ENSFW01;10.145.4.124;10.246.180.131;47502;incomplete
2026-06-17T11:19:57.100+0000;IE1ENSFW01;10.145.4.124;10.175.89.132;38792;incomplete
2026-06-17T11:12:05.100+0000;IE1ENSFW01;10.145.4.124;10.246.186.27;36332;incomplete
2026-06-17T10:38:53.100+0000;IE1ENSFW01;10.145.4.124;10.246.179.149;60648;incomplete
2026-06-17T10:18:56.100+0000;IE1ENSFW01;10.145.4.124;10.246.180.66;52088;incomplete
2026-06-17T10:18:55.100+0000;IE1ENSFW01;10.145.4.124;10.246.186.53;49966;incomplete
2026-06-17T10:18:53.100+0000;IE1ENSFW01;10.145.4.124;10.246.176.21;54248;incomplete
2026-06-17T10:09:49.100+0000;IE1ENSFW01;10.145.4.124;10.246.182.17;47538;incomplete
2026-06-17T12:26:36.100+0000;IE1ENSFW01;10.146.5.51;10.246.67.83;48078;incomplete
2026-06-17T12:19:31.100+0000;IE1ENSFW01;10.146.5.51;10.246.65.109;54358;incomplete
2026-06-17T10:17:49.100+0000;IE1ENSFW01;10.146.5.51;10.246.67.98;55022;incomplete
2026-06-17T09:56:09.100+0000;IE1ENSFW01;10.146.5.51;10.246.65.229;50814;incomplete
2026-06-17T09:53:08.100+0000;IE1ENSFW01;10.146.5.51;10.246.68.129;52182;incomplete
2026-06-17T09:44:09.100+0000;IE1ENSFW01;10.146.5.51;10.246.65.6;51444;incomplete
2026-06-17T12:26:34.100+0000;IE1ENSFW01;10.136.90.233;10.159.180.216;1433;mssql-db-unencrypted
2026-06-17T12:26:32.100+0000;IE1ENSFW01;10.145.0.101;10.246.64.158;58060;incomplete
2026-06-17T12:24:32.100+0000;IE1ENSFW01;10.145.0.101;10.246.66.156;39034;incomplete
2026-06-17T12:16:52.100+0000;IE1ENSFW01;10.145.0.101;10.246.67.30;57382;incomplete
2026-06-17T12:03:02.100+0000;IE1ENSFW01;10.145.0.101;10.246.67.98;51848;incomplete
2026-06-17T11:55:03.100+0000;IE1ENSFW01;10.145.0.101;10.246.64.209;57866;incomplete
2026-06-17T11:49:16.100+0000;IE1ENSFW01;10.145.0.101;10.246.65.6;47152;incomplete
2026-06-17T11:39:31.100+0000;IE1ENSFW01;10.145.0.101;10.246.65.229;32880;incomplete
2026-06-17T11:30:02.100+0000;IE1ENSFW01;10.145.0.101;10.246.66.88;58832;incomplete
2026-06-17T11:25:57.100+0000;IE1ENSFW01;10.145.0.101;10.246.69.224;32946;incomplete
2026-06-17T11:07:21.100+0000;IE1ENSFW01;10.145.0.101;10.246.69.116;40322;incomplete
2026-06-17T11:07:21.100+0000;IE1ENSFW01;10.145.0.101;10.246.69.44;42216;incomplete
2026-06-17T10:32:56.100+0000;IE1ENSFW01;10.145.0.101;10.246.69.114;46504;incomplete
2026-06-17T09:49:08.100+0000;IE1ENSFW01;10.145.0.101;10.246.64.249;43222;incomplete
2026-06-17T12:26:31.100+0000;IE1ENSFW01;10.145.0.107;10.246.240.26;53338;incomplete
2026-06-17T12:03:03.100+0000;IE1ENSFW01;10.145.0.107;10.246.248.235;57666;incomplete
2026-06-17T11:55:03.100+0000;IE1ENSFW01;10.145.0.107;10.246.250.251;37982;incomplete
2026-06-17T11:55:03.100+0000;IE1ENSFW01;10.145.0.107;10.246.240.212;51780;incomplete
2026-06-17T11:49:15.100+0000;IE1ENSFW01;10.145.0.107;10.246.247.133;50722;incomplete
2026-06-17T11:45:16.100+0000;IE1ENSFW01;10.145.0.107;10.246.249.230;50966;incomplete
2026-06-17T11:39:16.100+0000;IE1ENSFW01;10.145.0.107;10.246.248.76;37602;incomplete
2026-06-17T11:30:03.100+0000;IE1ENSFW01;10.145.0.107;10.246.249.111;53574;incomplete
2026-06-17T11:25:58.100+0000;IE1ENSFW01;10.145.0.107;10.246.248.204;52952;incomplete
2026-06-17T11:16:02.100+0000;IE1ENSFW01;10.145.0.107;10.246.247.250;36848;incomplete
2026-06-17T11:13:57.100+0000;IE1ENSFW01;10.145.0.107;10.246.244.210;48806;incomplete
2026-06-17T11:12:02.100+0000;IE1ENSFW01;10.145.0.107;10.246.241.111;54020;incomplete
2026-06-17T10:48:38.100+0000;IE1ENSFW01;10.145.0.107;10.246.240.61;58746;incomplete
2026-06-17T10:32:56.100+0000;IE1ENSFW01;10.145.0.107;10.246.247.126;54538;incomplete
2026-06-17T10:13:52.100+0000;IE1ENSFW01;10.145.0.107;10.246.247.59;33034;incomplete
2026-06-17T09:44:11.100+0000;IE1ENSFW01;10.145.0.107;10.246.241.210;60390;incomplete
2026-06-17T12:26:29.100+0000;IE1ENSFW01;10.204.249.228;10.175.218.214;10006;web-browsing
2026-06-17T11:12:50.100+0000;IE1ENSFW01;10.204.249.228;10.175.217.101;10012;web-browsing
2026-06-17T10:56:58.100+0000;IE1ENSFW01;10.204.249.228;10.175.217.36;10006;web-browsing
2026-06-17T10:50:32.100+0000;IE1ENSFW01;10.204.249.228;10.175.216.101;10014;web-browsing
2026-06-17T10:33:41.100+0000;IE1ENSFW01;10.204.249.228;10.175.217.82;10013;web-browsing
2026-06-17T10:27:00.100+0000;IE1ENSFW01;10.204.249.228;10.175.217.124;9580;web-browsing
2026-06-17T10:23:01.100+0000;IE1ENSFW01;10.204.249.228;10.175.217.149;10014;web-browsing
2026-06-17T10:18:02.100+0000;IE1ENSFW01;10.204.249.228;10.175.217.245;10008;web-browsing
2026-06-17T12:26:24.100+0000;IE1ENSFW01;10.204.249.219;10.175.218.214;10004;web-browsing
2026-06-17T11:16:36.100+0000;IE1ENSFW01;10.204.249.219;10.175.217.101;10012;web-browsing
2026-06-17T11:02:08.100+0000;IE1ENSFW01;10.204.249.219;10.175.216.101;10006;web-browsing
2026-06-17T10:59:17.100+0000;IE1ENSFW01;10.204.249.219;10.175.217.36;40081;web-browsing
2026-06-17T10:31:45.100+0000;IE1ENSFW01;10.204.249.219;10.175.217.82;10010;web-browsing
2026-06-17T10:29:10.100+0000;IE1ENSFW01;10.204.249.219;10.175.217.124;9580;web-browsing
2026-06-17T10:21:10.100+0000;IE1ENSFW01;10.204.249.219;10.175.217.149;40081;web-browsing
2026-06-17T10:15:40.100+0000;IE1ENSFW01;10.204.249.219;10.175.217.245;9580;web-browsing
2026-06-17T12:26:14.100+0000;IE1ENSFW01;10.118.73.235;10.175.61.230;9098;insufficient-data
2026-06-17T12:26:14.100+0000;IE1ENSFW01;10.118.73.235;10.175.59.225;9098;insufficient-data
2026-06-17T12:26:14.100+0000;IE1ENSFW01;10.118.73.235;10.175.52.146;9098;insufficient-data
2026-06-17T12:26:11.100+0000;IE1ENSFW01;10.204.249.210;10.175.218.214;10005;web-browsing
2026-06-17T11:16:42.100+0000;IE1ENSFW01;10.204.249.210;10.175.217.101;3000;web-browsing
2026-06-17T11:05:37.100+0000;IE1ENSFW01;10.204.249.210;10.175.216.101;10006;web-browsing
2026-06-17T10:31:16.100+0000;IE1ENSFW01;10.204.249.210;10.175.217.82;10014;web-browsing
2026-06-17T10:22:56.100+0000;IE1ENSFW01;10.204.249.210;10.175.217.149;3000;web-browsing
2026-06-17T10:20:01.100+0000;IE1ENSFW01;10.204.249.210;10.175.217.124;10000;web-browsing
2026-06-17T10:16:15.100+0000;IE1ENSFW01;10.204.249.210;10.175.217.245;10007;web-browsing
2026-06-17T12:26:00.100+0000;IE1ENSFW01;10.204.249.211;10.175.218.214;10013;web-browsing
2026-06-17T11:15:07.100+0000;IE1ENSFW01;10.204.249.211;10.175.217.101;10005;web-browsing
2026-06-17T11:01:35.100+0000;IE1ENSFW01;10.204.249.211;10.175.217.36;8830;web-browsing
2026-06-17T10:58:15.100+0000;IE1ENSFW01;10.204.249.211;10.175.216.101;10002;web-browsing
2026-06-17T10:31:36.100+0000;IE1ENSFW01;10.204.249.211;10.175.217.82;3000;web-browsing
2026-06-17T10:28:39.100+0000;IE1ENSFW01;10.204.249.211;10.175.217.124;10011;web-browsing
2026-06-17T10:22:32.100+0000;IE1ENSFW01;10.204.249.211;10.175.217.149;10001;web-browsing
2026-06-17T12:25:58.100+0000;IE1ENSFW01;10.204.249.161;10.175.218.214;10009;web-browsing
2026-06-17T11:01:38.100+0000;IE1ENSFW01;10.204.249.161;10.175.216.101;10007;web-browsing
2026-06-17T11:00:49.100+0000;IE1ENSFW01;10.204.249.161;10.175.217.36;10014;web-browsing
2026-06-17T10:58:29.100+0000;IE1ENSFW01;10.204.249.161;10.175.217.101;10001;web-browsing
2026-06-17T10:34:01.100+0000;IE1ENSFW01;10.204.249.161;10.175.217.82;10002;web-browsing
2026-06-17T10:29:08.100+0000;IE1ENSFW01;10.204.249.161;10.175.217.124;10014;web-browsing
2026-06-17T10:22:12.100+0000;IE1ENSFW01;10.204.249.161;10.175.217.149;10009;web-browsing
2026-06-17T10:19:21.100+0000;IE1ENSFW01;10.204.249.161;10.175.217.245;40081;web-browsing
2026-06-17T12:25:54.100+0000;IE1ENSFW01;10.204.249.155;10.175.218.214;8580;web-browsing
2026-06-17T11:16:55.100+0000;IE1ENSFW01;10.204.249.155;10.175.217.101;10002;web-browsing
2026-06-17T11:02:27.100+0000;IE1ENSFW01;10.204.249.155;10.175.216.101;8830;web-browsing
2026-06-17T10:49:44.100+0000;IE1ENSFW01;10.204.249.155;10.175.217.36;10008;web-browsing
2026-06-17T10:34:03.100+0000;IE1ENSFW01;10.204.249.155;10.175.217.82;8580;web-browsing
2026-06-17T10:29:25.100+0000;IE1ENSFW01;10.204.249.155;10.175.217.124;40080;web-browsing
2026-06-17T10:22:25.100+0000;IE1ENSFW01;10.204.249.155;10.175.217.149;10010;web-browsing
2026-06-17T10:17:16.100+0000;IE1ENSFW01;10.204.249.155;10.175.217.245;10009;web-browsing
2026-06-17T12:25:52.100+0000;IE1ENSFW01;10.204.249.213;10.175.218.214;8830;web-browsing
2026-06-17T11:15:37.100+0000;IE1ENSFW01;10.204.249.213;10.175.217.101;10008;web-browsing
2026-06-17T10:56:52.100+0000;IE1ENSFW01;10.204.249.213;10.175.217.36;10008;web-browsing
2026-06-17T10:54:14.100+0000;IE1ENSFW01;10.204.249.213;10.175.216.101;8580;web-browsing
2026-06-17T10:32:00.100+0000;IE1ENSFW01;10.204.249.213;10.175.217.82;10011;web-browsing
2026-06-17T10:27:19.100+0000;IE1ENSFW01;10.204.249.213;10.175.217.124;40081;web-browsing
2026-06-17T10:22:38.100+0000;IE1ENSFW01;10.204.249.213;10.175.217.149;8580;web-browsing
2026-06-17T10:11:35.100+0000;IE1ENSFW01;10.204.249.213;10.175.217.245;10011;web-browsing
2026-06-17T12:25:44.100+0000;IE1ENSFW01;10.204.249.252;10.175.218.214;3000;web-browsing
2026-06-17T11:15:50.100+0000;IE1ENSFW01;10.204.249.252;10.175.217.101;10004;web-browsing
2026-06-17T11:00:58.100+0000;IE1ENSFW01;10.204.249.252;10.175.216.101;10000;web-browsing
2026-06-17T10:33:21.100+0000;IE1ENSFW01;10.204.249.252;10.175.217.82;10010;web-browsing
2026-06-17T10:18:45.100+0000;IE1ENSFW01;10.204.249.252;10.175.217.149;10001;web-browsing
2026-06-17T10:18:13.100+0000;IE1ENSFW01;10.204.249.252;10.175.217.245;10013;web-browsing
2026-06-17T10:17:34.100+0000;IE1ENSFW01;10.204.249.252;10.175.217.124;10006;web-browsing
2026-06-17T12:25:42.100+0000;IE1ENSFW01;10.204.249.129;10.175.218.214;9580;web-browsing
2026-06-17T11:15:51.100+0000;IE1ENSFW01;10.204.249.129;10.175.217.101;10007;web-browsing
2026-06-17T11:04:08.100+0000;IE1ENSFW01;10.204.249.129;10.175.216.101;10010;web-browsing
2026-06-17T10:59:38.100+0000;IE1ENSFW01;10.204.249.129;10.175.217.36;10006;web-browsing
2026-06-17T10:32:47.100+0000;IE1ENSFW01;10.204.249.129;10.175.217.82;10011;web-browsing
2026-06-17T10:25:57.100+0000;IE1ENSFW01;10.204.249.129;10.175.217.124;10013;web-browsing
2026-06-17T10:20:08.100+0000;IE1ENSFW01;10.204.249.129;10.175.217.149;10000;web-browsing
2026-06-17T10:17:38.100+0000;IE1ENSFW01;10.204.249.129;10.175.217.245;40080;web-browsing
2026-06-17T12:25:19.100+0000;IE1ENSFW01;10.145.0.50;10.246.247.33;38312;incomplete
2026-06-17T12:23:10.100+0000;IE1ENSFW01;10.145.0.50;10.246.240.48;39990;incomplete
2026-06-17T12:16:54.100+0000;IE1ENSFW01;10.145.0.50;10.246.244.206;34704;incomplete
2026-06-17T12:16:53.100+0000;IE1ENSFW01;10.145.0.50;10.246.250.17;59676;incomplete
2026-06-17T12:16:53.100+0000;IE1ENSFW01;10.145.0.50;10.246.246.107;49490;incomplete
2026-06-17T12:16:53.100+0000;IE1ENSFW01;10.145.0.50;10.246.251.116;59714;incomplete
2026-06-17T12:16:53.100+0000;IE1ENSFW01;10.145.0.50;10.246.246.235;38010;incomplete
2026-06-17T12:16:52.100+0000;IE1ENSFW01;10.145.0.50;10.246.249.21;41364;incomplete
2026-06-17T11:51:31.100+0000;IE1ENSFW01;10.145.0.50;10.246.250.45;42620;incomplete
2026-06-17T11:43:30.100+0000;IE1ENSFW01;10.145.0.50;10.175.85.30;54910;incomplete
2026-06-17T11:29:57.100+0000;IE1ENSFW01;10.145.0.50;10.246.246.68;60768;incomplete
2026-06-17T11:20:04.100+0000;IE1ENSFW01;10.145.0.50;10.246.241.111;49830;incomplete
2026-06-17T11:14:02.100+0000;IE1ENSFW01;10.145.0.50;10.246.246.70;51020;incomplete
2026-06-17T10:33:29.100+0000;IE1ENSFW01;10.145.0.50;10.246.248.204;35196;incomplete
2026-06-17T10:11:52.100+0000;IE1ENSFW01;10.145.0.50;10.246.242.64;53520;incomplete
2026-06-17T10:05:53.100+0000;IE1ENSFW01;10.145.0.50;10.246.248.235;43904;incomplete
2026-06-17T10:02:56.100+0000;IE1ENSFW01;10.145.0.50;10.246.251.194;46196;incomplete
2026-06-17T10:00:01.100+0000;IE1ENSFW01;10.145.0.50;10.246.82.114;60330;incomplete
2026-06-17T12:25:05.100+0000;IE1ENSFW01;10.204.249.244;10.175.218.214;10012;web-browsing
2026-06-17T11:14:49.100+0000;IE1ENSFW01;10.204.249.244;10.175.217.101;10000;web-browsing
2026-06-17T11:01:36.100+0000;IE1ENSFW01;10.204.249.244;10.175.216.101;8580;web-browsing
2026-06-17T11:00:38.100+0000;IE1ENSFW01;10.204.249.244;10.175.217.36;10009;web-browsing
2026-06-17T10:32:22.100+0000;IE1ENSFW01;10.204.249.244;10.175.217.82;40081;web-browsing
2026-06-17T10:29:34.100+0000;IE1ENSFW01;10.204.249.244;10.175.217.124;10000;web-browsing
2026-06-17T10:22:50.100+0000;IE1ENSFW01;10.204.249.244;10.175.217.149;10002;web-browsing
2026-06-17T10:18:27.100+0000;IE1ENSFW01;10.204.249.244;10.175.217.245;10000;web-browsing
2026-06-17T12:24:47.100+0000;IE1ENSFW01;10.136.192.30;10.159.139.8;1433;mssql-db-unencrypted
2026-06-17T12:24:39.100+0000;IE1ENSFW01;10.145.2.93;10.246.248.204;36166;incomplete
2026-06-17T12:18:52.100+0000;IE1ENSFW01;10.145.2.93;10.246.244.210;35054;incomplete
2026-06-17T11:55:04.100+0000;IE1ENSFW01;10.145.2.93;10.246.249.111;60328;incomplete
2026-06-17T11:47:31.100+0000;IE1ENSFW01;10.145.2.93;10.246.249.230;53406;incomplete
2026-06-17T11:39:31.100+0000;IE1ENSFW01;10.145.2.93;10.246.247.71;42642;incomplete
2026-06-17T11:24:04.100+0000;IE1ENSFW01;10.145.2.93;10.246.241.210;59574;incomplete
2026-06-17T12:24:31.100+0000;IE1ENSFW01;10.145.2.51;10.246.69.88;53096;incomplete
2026-06-17T12:18:54.100+0000;IE1ENSFW01;10.145.2.51;10.246.66.88;46716;incomplete
2026-06-17T11:55:03.100+0000;IE1ENSFW01;10.145.2.51;10.246.69.109;41498;incomplete
2026-06-17T11:39:31.100+0000;IE1ENSFW01;10.145.2.51;10.246.65.244;59638;incomplete
2026-06-17T10:32:56.100+0000;IE1ENSFW01;10.145.2.51;10.246.65.109;54728;incomplete
2026-06-17T10:30:46.100+0000;IE1ENSFW01;10.145.2.51;10.246.69.224;55892;incomplete
2026-06-17T10:26:56.100+0000;IE1ENSFW01;10.145.2.51;10.246.67.214;42212;incomplete
2026-06-17T09:49:07.100+0000;IE1ENSFW01;10.145.2.51;10.246.68.198;33802;incomplete
2026-06-17T12:24:31.100+0000;IE1ENSFW01;10.145.2.142;10.246.64.158;47026;incomplete
2026-06-17T12:14:54.100+0000;IE1ENSFW01;10.145.2.142;10.246.69.224;43394;incomplete
2026-06-17T12:03:02.100+0000;IE1ENSFW01;10.145.2.142;10.246.69.114;60126;incomplete
2026-06-17T11:47:30.100+0000;IE1ENSFW01;10.145.2.142;10.246.64.249;56602;incomplete
2026-06-17T11:33:57.100+0000;IE1ENSFW01;10.145.2.142;10.246.65.229;54692;incomplete
2026-06-17T11:30:02.100+0000;IE1ENSFW01;10.145.2.142;10.246.65.6;55736;incomplete
2026-06-17T11:29:58.100+0000;IE1ENSFW01;10.145.2.142;10.246.64.68;46950;incomplete
2026-06-17T11:14:02.100+0000;IE1ENSFW01;10.145.2.142;10.246.67.214;60198;incomplete
2026-06-17T10:52:36.100+0000;IE1ENSFW01;10.145.2.142;10.246.66.156;34844;incomplete
2026-06-17T10:44:38.100+0000;IE1ENSFW01;10.145.2.142;10.246.69.109;56698;incomplete
2026-06-17T12:24:31.100+0000;IE1ENSFW01;10.145.1.49;10.175.122.40;50745;incomplete
2026-06-17T12:23:53.100+0000;IE1ENSFW01;10.178.132.70;10.44.216.24;59976;non-syn-tcp
2026-06-17T12:23:29.100+0000;IE1ENSFW01;10.83.128.24;10.175.189.59;62144;incomplete
2026-06-17T10:57:29.100+0000;IE1ENSFW01;10.83.128.24;172.30.10.36;37426;incomplete
2026-06-17T10:31:29.100+0000;IE1ENSFW01;10.83.128.24;10.175.189.184;62427;incomplete
2026-06-17T12:22:49.100+0000;IE1ENSFW01;10.178.133.209;10.44.171.230;39662;non-syn-tcp
2026-06-17T12:05:42.100+0000;IE1ENSFW01;10.178.133.209;10.44.162.45;13036;non-syn-tcp
2026-06-17T10:15:10.100+0000;IE1ENSFW01;10.178.133.209;10.44.201.108;12437;non-syn-tcp
2026-06-17T12:22:44.100+0000;IE1ENSFW01;10.178.99.180;10.44.216.24;6884;non-syn-tcp
2026-06-17T12:15:40.100+0000;IE1ENSFW01;10.178.99.180;10.44.167.179;1876;non-syn-tcp
2026-06-17T12:03:43.100+0000;IE1ENSFW01;10.178.99.180;10.44.162.45;27189;non-syn-tcp
2026-06-17T12:22:44.100+0000;IE1ENSFW01;10.178.99.187;10.44.216.24;6561;non-syn-tcp
2026-06-17T12:15:40.100+0000;IE1ENSFW01;10.178.99.187;10.44.167.179;39132;non-syn-tcp
2026-06-17T12:03:42.100+0000;IE1ENSFW01;10.178.99.187;10.44.162.45;28085;non-syn-tcp
2026-06-17T12:22:44.100+0000;IE1ENSFW01;10.178.99.172;10.44.216.24;64677;non-syn-tcp
2026-06-17T12:15:41.100+0000;IE1ENSFW01;10.178.99.172;10.44.167.179;52050;non-syn-tcp
2026-06-17T12:03:43.100+0000;IE1ENSFW01;10.178.99.172;10.44.162.45;19984;non-syn-tcp
2026-06-17T12:22:39.100+0000;IE1ENSFW01;10.145.4.164;10.246.180.184;39818;incomplete
2026-06-17T12:16:52.100+0000;IE1ENSFW01;10.145.4.164;10.246.184.197;53614;incomplete
2026-06-17T11:59:02.100+0000;IE1ENSFW01;10.145.4.164;10.246.179.177;40176;incomplete
2026-06-17T11:55:04.100+0000;IE1ENSFW01;10.145.4.164;10.246.179.99;60748;incomplete
2026-06-17T11:49:15.100+0000;IE1ENSFW01;10.145.4.164;10.246.177.198;52356;incomplete
2026-06-17T11:39:15.100+0000;IE1ENSFW01;10.145.4.164;10.246.181.53;37188;incomplete
2026-06-17T09:49:47.100+0000;IE1ENSFW01;10.145.4.164;10.246.180.161;50474;incomplete
2026-06-17T12:20:55.100+0000;IE1ENSFW01;10.42.9.165;10.174.209.85;3389;ms-rdp
2026-06-17T11:50:55.100+0000;IE1ENSFW01;10.42.9.165;10.174.209.17;3389;ms-rdp
2026-06-17T10:50:55.100+0000;IE1ENSFW01;10.42.9.165;10.174.208.102;3389;ms-rdp
2026-06-17T12:20:54.100+0000;IE1ENSFW01;10.40.9.165;10.174.209.17;3389;ms-rdp
2026-06-17T12:20:54.100+0000;IE1ENSFW01;10.40.9.165;10.174.208.102;3389;ms-rdp
2026-06-17T11:51:10.100+0000;IE1ENSFW01;10.40.9.165;10.174.209.85;3389;ms-rdp
2026-06-17T12:20:16.100+0000;IE1ENSFW01;10.118.62.241;10.44.167.179;3033;non-syn-tcp
2026-06-17T11:49:14.100+0000;IE1ENSFW01;10.118.62.241;10.44.170.220;50381;non-syn-tcp
2026-06-17T10:50:55.100+0000;IE1ENSFW01;10.118.62.241;10.44.246.108;50005;non-syn-tcp
2026-06-17T10:12:51.100+0000;IE1ENSFW01;10.118.62.241;10.44.234.21;65392;non-syn-tcp
2026-06-17T12:20:16.100+0000;IE1ENSFW01;10.118.62.240;10.44.167.179;63626;non-syn-tcp
2026-06-17T11:56:29.100+0000;IE1ENSFW01;10.118.62.240;10.44.170.220;33927;non-syn-tcp
2026-06-17T11:21:26.100+0000;IE1ENSFW01;10.118.62.240;10.44.246.108;6818;non-syn-tcp
2026-06-17T10:12:51.100+0000;IE1ENSFW01;10.118.62.240;10.44.234.21;35064;non-syn-tcp
2026-06-17T12:20:16.100+0000;IE1ENSFW01;10.118.62.243;10.44.167.179;48887;non-syn-tcp
2026-06-17T11:56:29.100+0000;IE1ENSFW01;10.118.62.243;10.44.170.220;44164;non-syn-tcp
2026-06-17T10:05:50.100+0000;IE1ENSFW01;10.118.62.243;10.44.246.108;36813;non-syn-tcp
2026-06-17T12:19:30.100+0000;IE1ENSFW01;10.146.4.150;10.246.183.80;33770;incomplete
2026-06-17T12:02:06.100+0000;IE1ENSFW01;10.146.4.150;10.246.185.79;35638;incomplete
2026-06-17T11:21:21.100+0000;IE1ENSFW01;10.146.4.150;10.246.183.239;46494;incomplete
2026-06-17T11:21:20.100+0000;IE1ENSFW01;10.146.4.150;10.246.186.53;45716;incomplete
2026-06-17T10:31:49.100+0000;IE1ENSFW01;10.146.4.150;10.246.179.177;55788;incomplete
2026-06-17T10:25:51.100+0000;IE1ENSFW01;10.146.4.150;10.246.184.142;56810;incomplete
2026-06-17T10:00:09.100+0000;IE1ENSFW01;10.146.4.150;10.246.179.149;42124;incomplete
2026-06-17T09:44:10.100+0000;IE1ENSFW01;10.146.4.150;10.246.184.10;43546;incomplete
2026-06-17T12:19:30.100+0000;IE1ENSFW01;10.146.0.50;10.246.240.181;55260;incomplete
2026-06-17T11:43:55.100+0000;IE1ENSFW01;10.146.0.50;10.246.240.219;33116;incomplete
2026-06-17T10:44:36.100+0000;IE1ENSFW01;10.146.0.50;10.246.244.206;35808;incomplete
2026-06-17T10:31:50.100+0000;IE1ENSFW01;10.146.0.50;10.246.251.194;43496;incomplete
2026-06-17T10:31:50.100+0000;IE1ENSFW01;10.146.0.50;10.246.242.78;57962;incomplete
2026-06-17T10:15:52.100+0000;IE1ENSFW01;10.146.0.50;10.246.249.21;43486;incomplete
2026-06-17T10:13:53.100+0000;IE1ENSFW01;10.146.0.50;10.246.242.218;48056;incomplete
2026-06-17T10:11:51.100+0000;IE1ENSFW01;10.146.0.50;10.246.246.68;41522;incomplete
2026-06-17T10:09:50.100+0000;IE1ENSFW01;10.146.0.50;10.175.89.142;38110;incomplete
2026-06-17T10:07:51.100+0000;IE1ENSFW01;10.146.0.50;10.246.241.210;47930;incomplete
2026-06-17T10:07:50.100+0000;IE1ENSFW01;10.146.0.50;10.246.247.59;57420;incomplete
2026-06-17T10:05:49.100+0000;IE1ENSFW01;10.146.0.50;10.246.240.61;39812;incomplete
2026-06-17T09:49:09.100+0000;IE1ENSFW01;10.146.0.50;10.246.251.199;60284;incomplete
2026-06-17T09:49:08.100+0000;IE1ENSFW01;10.146.0.50;10.246.250.251;50828;incomplete
2026-06-17T12:19:18.100+0000;IE1ENSFW01;10.16.129.11;10.175.217.107;3000;web-browsing
2026-06-17T12:08:33.100+0000;IE1ENSFW01;10.16.129.11;10.175.218.142;10000;web-browsing
2026-06-17T11:49:27.100+0000;IE1ENSFW01;10.16.129.11;10.175.217.244;10005;web-browsing
2026-06-17T11:33:17.100+0000;IE1ENSFW01;10.16.129.11;10.175.216.67;10004;web-browsing
2026-06-17T12:18:52.100+0000;IE1ENSFW01;10.145.2.17;10.246.64.241;38570;incomplete
2026-06-17T12:16:53.100+0000;IE1ENSFW01;10.145.2.17;10.175.91.89;56500;incomplete
2026-06-17T12:16:52.100+0000;IE1ENSFW01;10.145.2.17;10.175.84.37;57779;incomplete
2026-06-17T12:12:51.100+0000;IE1ENSFW01;10.145.2.17;10.246.69.88;48198;incomplete
2026-06-17T11:39:32.100+0000;IE1ENSFW01;10.145.2.17;10.246.66.159;36234;incomplete
2026-06-17T11:20:01.100+0000;IE1ENSFW01;10.145.2.17;10.246.69.145;48656;incomplete
2026-06-17T11:02:37.100+0000;IE1ENSFW01;10.145.2.17;10.246.66.200;39262;incomplete
2026-06-17T11:01:22.100+0000;IE1ENSFW01;10.145.2.17;10.175.83.193;43749;incomplete
2026-06-17T11:01:22.100+0000;IE1ENSFW01;10.145.2.17;10.246.65.164;59512;incomplete
2026-06-17T10:49:17.100+0000;IE1ENSFW01;10.145.2.17;10.246.65.59;41040;incomplete
2026-06-17T10:20:52.100+0000;IE1ENSFW01;10.145.2.17;10.246.66.198;56208;incomplete
2026-06-17T09:47:08.100+0000;IE1ENSFW01;10.145.2.17;10.246.68.41;39950;incomplete
2026-06-17T09:47:07.100+0000;IE1ENSFW01;10.145.2.17;10.246.67.105;48468;incomplete
2026-06-17T12:18:34.100+0000;IE1ENSFW01;10.16.129.141;10.175.217.107;10013;web-browsing
2026-06-17T12:10:49.100+0000;IE1ENSFW01;10.16.129.141;10.175.218.142;10004;web-browsing
2026-06-17T11:47:25.100+0000;IE1ENSFW01;10.16.129.141;10.175.217.244;9580;web-browsing
2026-06-17T11:30:23.100+0000;IE1ENSFW01;10.16.129.141;10.175.216.67;8830;web-browsing
2026-06-17T12:17:51.100+0000;IE1ENSFW01;10.204.87.254;10.159.180.216;1433;mssql-db-unencrypted
2026-06-17T12:17:35.100+0000;IE1ENSFW01;10.16.129.16;10.175.217.107;10014;web-browsing
2026-06-17T12:09:23.100+0000;IE1ENSFW01;10.16.129.16;10.175.218.142;10003;web-browsing
2026-06-17T11:50:21.100+0000;IE1ENSFW01;10.16.129.16;10.175.217.244;10004;web-browsing
2026-06-17T11:32:48.100+0000;IE1ENSFW01;10.16.129.16;10.175.216.67;10006;web-browsing
2026-06-17T12:17:09.100+0000;IE1ENSFW01;10.136.100.54;10.159.139.8;1433;mssql-db-unencrypted
2026-06-17T12:17:08.100+0000;IE1ENSFW01;10.204.92.5;10.159.139.8;1433;mssql-db-unencrypted
2026-06-17T12:17:08.100+0000;IE1ENSFW01;10.136.100.50;10.159.139.8;1433;mssql-db-unencrypted
2026-06-17T12:17:08.100+0000;IE1ENSFW01;10.204.92.9;10.159.139.8;1433;mssql-db-unencrypted
2026-06-17T12:16:54.100+0000;IE1ENSFW01;10.145.0.213;10.246.65.38;60440;incomplete
2026-06-17T11:30:02.100+0000;IE1ENSFW01;10.145.0.213;10.246.66.66;35686;incomplete
2026-06-17T12:16:52.100+0000;IE1ENSFW01;10.145.2.109;10.246.67.30;45656;incomplete
2026-06-17T12:14:52.100+0000;IE1ENSFW01;10.145.2.109;10.246.69.116;50360;incomplete
2026-06-17T11:51:32.100+0000;IE1ENSFW01;10.145.2.109;10.246.66.156;50652;incomplete
2026-06-17T11:27:57.100+0000;IE1ENSFW01;10.145.2.109;10.246.65.92;57952;incomplete
2026-06-17T10:53:22.100+0000;IE1ENSFW01;10.145.2.109;10.246.67.214;48662;incomplete
2026-06-17T10:51:22.100+0000;IE1ENSFW01;10.145.2.109;10.246.65.6;33872;incomplete
2026-06-17T09:55:09.100+0000;IE1ENSFW01;10.145.2.109;10.246.67.98;37158;incomplete
2026-06-17T09:53:09.100+0000;IE1ENSFW01;10.145.2.109;10.246.65.229;54140;incomplete
2026-06-17T12:16:52.100+0000;IE1ENSFW01;10.145.0.125;10.246.65.6;59340;incomplete
2026-06-17T11:59:03.100+0000;IE1ENSFW01;10.145.0.125;10.246.66.156;41180;incomplete
2026-06-17T11:26:05.100+0000;IE1ENSFW01;10.145.0.125;10.246.69.116;41094;incomplete
2026-06-17T10:59:22.100+0000;IE1ENSFW01;10.145.0.125;10.246.69.71;56210;incomplete
2026-06-17T10:28:55.100+0000;IE1ENSFW01;10.145.0.125;10.246.64.158;56366;incomplete
2026-06-17T10:26:52.100+0000;IE1ENSFW01;10.145.0.125;10.246.66.241;35866;incomplete
2026-06-17T10:24:53.100+0000;IE1ENSFW01;10.145.0.125;10.246.68.198;48856;incomplete
2026-06-17T10:03:20.100+0000;IE1ENSFW01;10.145.0.125;10.246.69.44;60686;incomplete
2026-06-17T10:00:01.100+0000;IE1ENSFW01;10.145.0.125;10.246.66.88;44024;incomplete
2026-06-17T09:57:08.100+0000;IE1ENSFW01;10.145.0.125;10.246.65.229;56888;incomplete
2026-06-17T12:16:06.100+0000;IE1ENSFW01;10.146.0.9;10.246.69.124;53274;incomplete
2026-06-17T11:15:01.100+0000;IE1ENSFW01;10.146.0.9;10.246.64.87;45374;incomplete
2026-06-17T11:02:50.100+0000;IE1ENSFW01;10.146.0.9;10.246.69.31;41586;incomplete
2026-06-17T10:19:50.100+0000;IE1ENSFW01;10.146.0.9;10.246.67.244;37808;incomplete
2026-06-17T12:16:06.100+0000;IE1ENSFW01;10.146.0.107;10.246.241.210;36630;incomplete
2026-06-17T11:21:21.100+0000;IE1ENSFW01;10.146.0.107;10.246.247.59;50388;incomplete
2026-06-17T11:21:19.100+0000;IE1ENSFW01;10.146.0.107;10.246.251.129;46046;incomplete
2026-06-17T12:16:06.100+0000;IE1ENSFW01;10.146.4.84;10.246.187.171;59890;incomplete
2026-06-17T12:09:23.100+0000;IE1ENSFW01;10.146.4.84;10.246.181.53;42932;incomplete
2026-06-17T12:09:22.100+0000;IE1ENSFW01;10.146.4.84;10.246.184.197;45106;incomplete
2026-06-17T12:02:11.100+0000;IE1ENSFW01;10.146.4.84;10.246.187.155;57266;incomplete
2026-06-17T11:21:21.100+0000;IE1ENSFW01;10.146.4.84;10.246.180.184;56160;incomplete
2026-06-17T11:21:19.100+0000;IE1ENSFW01;10.146.4.84;10.246.176.33;45718;incomplete
2026-06-17T10:40:53.100+0000;IE1ENSFW01;10.146.4.84;10.246.180.161;45854;incomplete
2026-06-17T10:38:50.100+0000;IE1ENSFW01;10.146.4.84;10.246.186.53;37216;incomplete
2026-06-17T10:11:49.100+0000;IE1ENSFW01;10.146.4.84;10.246.178.125;41642;incomplete
2026-06-17T10:07:51.100+0000;IE1ENSFW01;10.146.4.84;10.246.185.172;38726;incomplete
2026-06-17T09:53:08.100+0000;IE1ENSFW01;10.146.4.84;10.246.181.8;54318;incomplete
2026-06-17T12:16:05.100+0000;IE1ENSFW01;10.16.129.20;10.175.217.107;10007;web-browsing
2026-06-17T12:10:19.100+0000;IE1ENSFW01;10.16.129.20;10.175.218.142;10006;web-browsing
2026-06-17T11:48:09.100+0000;IE1ENSFW01;10.16.129.20;10.175.217.244;40081;web-browsing
2026-06-17T11:32:30.100+0000;IE1ENSFW01;10.16.129.20;10.175.216.67;10005;web-browsing
2026-06-17T12:15:49.100+0000;IE1ENSFW01;10.16.129.140;10.175.217.107;10012;web-browsing
2026-06-17T12:08:48.100+0000;IE1ENSFW01;10.16.129.140;10.175.218.142;10001;web-browsing
2026-06-17T11:46:33.100+0000;IE1ENSFW01;10.16.129.140;10.175.217.244;40080;web-browsing
2026-06-17T11:29:41.100+0000;IE1ENSFW01;10.16.129.140;10.175.216.67;40080;web-browsing
2026-06-17T12:15:12.100+0000;IE1ENSFW01;10.16.129.143;10.175.217.107;10010;web-browsing
2026-06-17T12:08:40.100+0000;IE1ENSFW01;10.16.129.143;10.175.218.142;40081;web-browsing
2026-06-17T11:48:46.100+0000;IE1ENSFW01;10.16.129.143;10.175.217.244;10001;web-browsing
2026-06-17T11:31:27.100+0000;IE1ENSFW01;10.16.129.143;10.175.216.67;10002;web-browsing
2026-06-17T12:15:11.100+0000;IE1ENSFW01;10.178.84.247;10.44.214.237;23974;non-syn-tcp
2026-06-17T12:05:40.100+0000;IE1ENSFW01;10.178.84.247;10.44.162.45;44783;non-syn-tcp
2026-06-17T11:04:20.100+0000;IE1ENSFW01;10.178.84.247;10.44.170.38;64390;non-syn-tcp
2026-06-17T12:15:11.100+0000;IE1ENSFW01;10.178.84.231;10.44.214.237;1816;non-syn-tcp
2026-06-17T12:15:10.100+0000;IE1ENSFW01;10.178.84.240;10.44.214.237;50172;non-syn-tcp
2026-06-17T12:14:53.100+0000;IE1ENSFW01;10.145.0.229;10.246.244.210;58864;incomplete
2026-06-17T11:57:02.100+0000;IE1ENSFW01;10.145.0.229;10.246.240.26;51322;incomplete
2026-06-17T11:37:16.100+0000;IE1ENSFW01;10.145.0.229;10.246.242.78;49082;incomplete
2026-06-17T11:28:02.100+0000;IE1ENSFW01;10.145.0.229;10.246.250.251;35776;incomplete
2026-06-17T11:12:05.100+0000;IE1ENSFW01;10.145.0.229;10.246.251.199;36716;incomplete
2026-06-17T10:45:22.100+0000;IE1ENSFW01;10.145.0.229;10.246.247.71;50006;incomplete
2026-06-17T10:43:22.100+0000;IE1ENSFW01;10.145.0.229;10.246.241.111;35964;incomplete
2026-06-17T12:14:52.100+0000;IE1ENSFW01;10.145.4.162;10.246.179.117;32808;incomplete
2026-06-17T12:14:47.100+0000;IE1ENSFW01;10.16.129.21;10.175.217.107;10009;web-browsing
2026-06-17T12:06:11.100+0000;IE1ENSFW01;10.16.129.21;10.175.218.142;10012;web-browsing
2026-06-17T11:50:09.100+0000;IE1ENSFW01;10.16.129.21;10.175.217.244;10006;web-browsing
2026-06-17T11:31:59.100+0000;IE1ENSFW01;10.16.129.21;10.175.216.67;10001;web-browsing
2026-06-17T12:13:58.100+0000;IE1ENSFW01;10.178.184.19;10.44.216.24;6140;non-syn-tcp
2026-06-17T12:13:57.100+0000;IE1ENSFW01;10.178.184.30;10.44.216.24;4758;non-syn-tcp
2026-06-17T12:13:57.100+0000;IE1ENSFW01;10.178.184.13;10.44.216.24;54436;non-syn-tcp
2026-06-17T12:13:54.100+0000;IE1ENSFW01;10.16.13.135;10.44.231.191;7000;incomplete
2026-06-17T12:12:32.100+0000;IE1ENSFW01;10.146.4.158;10.246.184.161;46482;incomplete
2026-06-17T09:52:09.100+0000;IE1ENSFW01;10.146.4.158;10.246.182.180;45118;incomplete
2026-06-17T12:12:30.100+0000;IE1ENSFW01;10.146.1.49;10.175.118.36;63394;incomplete
2026-06-17T12:12:30.100+0000;IE1ENSFW01;10.146.2.111;10.246.67.0;42452;incomplete
2026-06-17T12:02:10.100+0000;IE1ENSFW01;10.146.2.111;10.246.69.71;46038;incomplete
2026-06-17T12:02:10.100+0000;IE1ENSFW01;10.146.2.111;10.246.67.214;50982;incomplete
2026-06-17T11:21:19.100+0000;IE1ENSFW01;10.146.2.111;10.246.69.224;58226;incomplete
2026-06-17T11:21:18.100+0000;IE1ENSFW01;10.146.2.111;10.246.66.241;58236;incomplete
2026-06-17T10:38:50.100+0000;IE1ENSFW01;10.146.2.111;10.246.65.171;45936;incomplete
2026-06-17T10:03:25.100+0000;IE1ENSFW01;10.146.2.111;10.246.66.88;48604;incomplete
2026-06-17T12:12:18.100+0000;IE1ENSFW01;10.178.63.173;10.44.170.220;28388;non-syn-tcp
2026-06-17T11:54:17.100+0000;IE1ENSFW01;10.178.63.173;10.44.226.2;47052;non-syn-tcp
2026-06-17T10:24:40.100+0000;IE1ENSFW01;10.178.63.173;10.44.201.108;41854;non-syn-tcp
2026-06-17T10:05:24.100+0000;IE1ENSFW01;10.178.63.173;10.44.170.250;11546;non-syn-tcp
2026-06-17T12:09:14.100+0000;IE1ENSFW01;10.146.2.16;10.175.91.89;4884;incomplete
2026-06-17T11:58:54.100+0000;IE1ENSFW01;10.146.2.16;10.246.67.218;54904;incomplete
2026-06-17T10:40:54.100+0000;IE1ENSFW01;10.146.2.16;10.175.83.193;14191;incomplete
2026-06-17T10:36:54.100+0000;IE1ENSFW01;10.146.2.16;10.246.67.183;49502;incomplete
2026-06-17T10:31:52.100+0000;IE1ENSFW01;10.146.2.16;10.246.69.145;59496;incomplete
2026-06-17T10:31:51.100+0000;IE1ENSFW01;10.146.2.16;10.246.65.141;57372;incomplete
2026-06-17T10:27:51.100+0000;IE1ENSFW01;10.146.2.16;10.246.69.57;42412;incomplete
2026-06-17T10:05:50.100+0000;IE1ENSFW01;10.146.2.16;10.246.69.2;51178;incomplete
2026-06-17T09:57:08.100+0000;IE1ENSFW01;10.146.2.16;10.246.64.194;37324;incomplete
2026-06-17T09:47:10.100+0000;IE1ENSFW01;10.146.2.16;10.246.66.200;58696;incomplete
2026-06-17T12:08:53.100+0000;IE1ENSFW01;10.118.100.106;10.44.167.179;52331;non-syn-tcp
2026-06-17T11:49:36.100+0000;IE1ENSFW01;10.118.100.106;10.44.170.220;63396;non-syn-tcp
2026-06-17T11:35:05.100+0000;IE1ENSFW01;10.118.100.106;10.44.226.2;49253;non-syn-tcp
2026-06-17T11:30:19.100+0000;IE1ENSFW01;10.118.100.106;10.44.210.137;17008;non-syn-tcp
2026-06-17T11:23:48.100+0000;IE1ENSFW01;10.118.100.106;10.44.204.140;39579;non-syn-tcp
2026-06-17T10:59:32.100+0000;IE1ENSFW01;10.118.100.106;10.44.201.108;34682;non-syn-tcp
2026-06-17T10:48:15.100+0000;IE1ENSFW01;10.118.100.106;10.44.197.24;31786;non-syn-tcp
2026-06-17T10:36:14.100+0000;IE1ENSFW01;10.118.100.106;10.44.163.75;7430;non-syn-tcp
2026-06-17T12:07:51.100+0000;IE1ENSFW01;10.118.22.29;10.175.216.188;53912;non-syn-tcp
2026-06-17T12:07:02.100+0000;IE1ENSFW01;10.145.1.254;10.246.250.225;57846;incomplete
2026-06-17T12:05:59.100+0000;IE1ENSFW01;10.42.9.79;10.174.42.31;445;incomplete
2026-06-17T12:05:51.100+0000;IE1ENSFW01;10.42.9.79;10.174.42.21;445;incomplete
2026-06-17T12:05:24.100+0000;IE1ENSFW01;10.42.9.79;10.174.42.26;445;incomplete
2026-06-17T12:05:14.100+0000;IE1ENSFW01;10.42.9.79;10.174.42.22;445;incomplete
2026-06-17T12:05:13.100+0000;IE1ENSFW01;10.42.9.79;10.174.42.27;445;incomplete
2026-06-17T12:05:08.100+0000;IE1ENSFW01;10.42.9.79;10.174.42.28;445;incomplete
2026-06-17T12:05:08.100+0000;IE1ENSFW01;10.42.9.79;10.174.42.23;445;incomplete
2026-06-17T12:05:40.100+0000;IE1ENSFW01;10.178.84.250;10.44.162.45;12602;non-syn-tcp
2026-06-17T11:04:20.100+0000;IE1ENSFW01;10.178.84.250;10.44.170.38;50708;non-syn-tcp
2026-06-17T12:05:40.100+0000;IE1ENSFW01;10.178.84.251;10.44.162.45;38698;non-syn-tcp
2026-06-17T11:04:20.100+0000;IE1ENSFW01;10.178.84.251;10.44.170.38;21030;non-syn-tcp
2026-06-17T12:05:03.100+0000;IE1ENSFW01;10.145.4.147;10.246.180.161;59276;incomplete
2026-06-17T12:05:03.100+0000;IE1ENSFW01;10.145.4.147;10.246.179.99;43406;incomplete
2026-06-17T11:55:04.100+0000;IE1ENSFW01;10.145.4.147;10.246.177.198;37318;incomplete
2026-06-17T11:39:17.100+0000;IE1ENSFW01;10.145.4.147;10.246.179.177;38502;incomplete
2026-06-17T11:28:05.100+0000;IE1ENSFW01;10.145.4.147;10.246.187.122;42226;incomplete
2026-06-17T10:48:37.100+0000;IE1ENSFW01;10.145.4.147;10.246.184.197;49178;incomplete
2026-06-17T10:43:22.100+0000;IE1ENSFW01;10.145.4.147;10.246.187.155;49324;incomplete
2026-06-17T10:24:55.100+0000;IE1ENSFW01;10.145.4.147;10.246.187.171;46624;incomplete
2026-06-17T10:18:56.100+0000;IE1ENSFW01;10.145.4.147;10.246.180.184;53436;incomplete
2026-06-17T10:18:56.100+0000;IE1ENSFW01;10.145.4.147;10.246.186.252;35784;incomplete
2026-06-17T10:00:02.100+0000;IE1ENSFW01;10.145.4.147;10.246.176.75;44070;incomplete
2026-06-17T09:57:09.100+0000;IE1ENSFW01;10.145.4.147;10.246.185.172;52770;incomplete
2026-06-17T12:02:22.100+0000;IE1ENSFW01;10.118.85.55;10.44.246.108;61635;non-syn-tcp
2026-06-17T12:02:10.100+0000;IE1ENSFW01;10.146.2.50;10.246.69.114;55630;incomplete
2026-06-17T11:21:19.100+0000;IE1ENSFW01;10.146.2.50;10.246.64.87;48606;incomplete
2026-06-17T11:21:18.100+0000;IE1ENSFW01;10.146.2.50;10.246.67.83;52744;incomplete
2026-06-17T11:21:18.100+0000;IE1ENSFW01;10.146.2.50;10.246.64.174;55468;incomplete
2026-06-17T11:14:58.100+0000;IE1ENSFW01;10.146.2.50;10.246.65.141;41136;incomplete
2026-06-17T10:00:09.100+0000;IE1ENSFW01;10.146.2.50;10.246.69.224;52816;incomplete
2026-06-17T12:01:37.100+0000;IE1ENSFW01;10.96.17.114;172.21.89.38;41563;dns-base
2026-06-17T12:00:31.100+0000;IE1ENSFW01;10.152.128.22;172.21.232.167;137;netbios-ns
2026-06-17T11:06:40.100+0000;IE1ENSFW01;10.152.128.22;172.21.232.240;137;netbios-ns
2026-06-17T10:40:23.100+0000;IE1ENSFW01;10.152.128.22;172.21.232.137;137;netbios-ns
2026-06-17T10:05:14.100+0000;IE1ENSFW01;10.152.128.22;172.21.232.228;137;netbios-ns
2026-06-17T09:52:27.100+0000;IE1ENSFW01;10.152.128.22;172.21.232.162;137;netbios-ns
2026-06-17T11:58:49.100+0000;IE1ENSFW01;10.146.4.183;10.246.183.121;51640;incomplete
2026-06-17T10:38:51.100+0000;IE1ENSFW01;10.146.4.183;10.246.180.184;59110;incomplete
2026-06-17T10:21:52.100+0000;IE1ENSFW01;10.146.4.183;10.246.178.125;56592;incomplete
2026-06-17T10:15:53.100+0000;IE1ENSFW01;10.146.4.183;10.246.187.155;58282;incomplete
2026-06-17T10:13:53.100+0000;IE1ENSFW01;10.146.4.183;10.246.185.79;37296;incomplete
2026-06-17T10:09:53.100+0000;IE1ENSFW01;10.146.4.183;10.246.183.153;35904;incomplete
2026-06-17T11:56:29.100+0000;IE1ENSFW01;10.118.62.245;10.44.170.220;26701;non-syn-tcp
2026-06-17T11:37:43.100+0000;IE1ENSFW01;10.118.62.245;10.44.171.230;6227;non-syn-tcp
2026-06-17T11:21:26.100+0000;IE1ENSFW01;10.118.62.245;10.44.246.108;23314;non-syn-tcp
2026-06-17T10:12:50.100+0000;IE1ENSFW01;10.118.62.245;10.44.234.21;32550;non-syn-tcp
2026-06-17T11:56:29.100+0000;IE1ENSFW01;10.118.62.231;10.44.170.220;20448;non-syn-tcp
2026-06-17T11:35:49.100+0000;IE1ENSFW01;10.118.62.231;10.44.171.230;7394;non-syn-tcp
2026-06-17T11:21:27.100+0000;IE1ENSFW01;10.118.62.231;10.44.246.108;42521;non-syn-tcp
2026-06-17T10:12:51.100+0000;IE1ENSFW01;10.118.62.231;10.44.234.21;58279;non-syn-tcp
2026-06-17T11:55:06.100+0000;IE1ENSFW01;10.118.85.39;10.44.170.220;7892;non-syn-tcp
2026-06-17T11:55:06.100+0000;IE1ENSFW01;10.118.85.54;10.44.170.220;48151;non-syn-tcp
2026-06-17T11:55:02.100+0000;IE1ENSFW01;10.145.4.131;10.246.177.39;44890;incomplete
2026-06-17T11:49:31.100+0000;IE1ENSFW01;10.145.4.131;10.246.177.198;45134;incomplete
2026-06-17T11:49:16.100+0000;IE1ENSFW01;10.145.4.131;10.246.180.161;45470;incomplete
2026-06-17T11:47:31.100+0000;IE1ENSFW01;10.145.4.131;10.246.176.75;37232;incomplete
2026-06-17T11:45:16.100+0000;IE1ENSFW01;10.145.4.131;10.246.179.177;38924;incomplete
2026-06-17T11:34:05.100+0000;IE1ENSFW01;10.145.4.131;10.246.184.197;41746;incomplete
2026-06-17T11:14:02.100+0000;IE1ENSFW01;10.145.4.131;10.246.176.33;60420;incomplete
2026-06-17T11:07:22.100+0000;IE1ENSFW01;10.145.4.131;10.246.176.21;52988;incomplete
2026-06-17T10:44:38.100+0000;IE1ENSFW01;10.145.4.131;10.246.187.171;59846;incomplete
2026-06-17T11:54:48.100+0000;IE1ENSFW01;10.178.133.217;10.44.170.220;63810;non-syn-tcp
2026-06-17T11:38:46.100+0000;IE1ENSFW01;10.178.133.217;10.44.226.2;28237;non-syn-tcp
2026-06-17T11:19:53.100+0000;IE1ENSFW01;10.178.133.217;10.44.201.108;6121;non-syn-tcp
2026-06-17T11:08:28.100+0000;IE1ENSFW01;10.178.133.217;10.44.170.250;60569;non-syn-tcp
2026-06-17T10:56:58.100+0000;IE1ENSFW01;10.178.133.217;10.44.246.108;3719;non-syn-tcp
2026-06-17T11:54:18.100+0000;IE1ENSFW01;10.178.63.179;10.44.226.2;19553;non-syn-tcp
2026-06-17T11:49:17.100+0000;IE1ENSFW01;10.178.63.179;10.44.170.220;39274;non-syn-tcp
2026-06-17T10:38:41.100+0000;IE1ENSFW01;10.178.63.179;10.44.170.250;46056;non-syn-tcp
2026-06-17T10:24:40.100+0000;IE1ENSFW01;10.178.63.179;10.44.201.108;11923;non-syn-tcp
2026-06-17T11:49:32.100+0000;IE1ENSFW01;10.42.9.150;10.175.209.36;3389;ms-rdp
2026-06-17T09:48:07.100+0000;IE1ENSFW01;10.42.9.150;10.175.209.78;3389;ms-rdp
2026-06-17T11:49:16.100+0000;IE1ENSFW01;10.178.63.171;10.44.170.220;10187;non-syn-tcp
2026-06-17T10:30:57.100+0000;IE1ENSFW01;10.178.63.171;10.44.170.250;11636;non-syn-tcp
2026-06-17T10:24:40.100+0000;IE1ENSFW01;10.178.63.171;10.44.201.108;55677;non-syn-tcp
2026-06-17T11:45:44.100+0000;IE1ENSFW01;10.118.159.118;10.44.226.2;40246;non-syn-tcp
2026-06-17T11:43:55.100+0000;IE1ENSFW01;10.146.2.146;10.246.69.109;42370;incomplete
2026-06-17T11:21:20.100+0000;IE1ENSFW01;10.146.2.146;10.246.69.57;46342;incomplete
2026-06-17T10:31:51.100+0000;IE1ENSFW01;10.146.2.146;10.246.64.87;52698;incomplete
2026-06-17T10:05:49.100+0000;IE1ENSFW01;10.146.2.146;10.246.69.44;40214;incomplete
2026-06-17T09:48:09.100+0000;IE1ENSFW01;10.146.2.146;10.246.67.214;50028;incomplete
2026-06-17T09:47:10.100+0000;IE1ENSFW01;10.146.2.146;10.246.65.92;46000;incomplete
2026-06-17T09:46:09.100+0000;IE1ENSFW01;10.146.2.146;10.246.66.241;43902;incomplete
2026-06-17T11:41:55.100+0000;IE1ENSFW01;10.146.0.75;10.246.66.156;55494;incomplete
2026-06-17T10:40:52.100+0000;IE1ENSFW01;10.146.0.75;10.246.69.224;42626;incomplete
2026-06-17T10:23:49.100+0000;IE1ENSFW01;10.146.0.75;10.246.65.92;43390;incomplete
2026-06-17T10:09:49.100+0000;IE1ENSFW01;10.146.0.75;10.246.64.249;59762;incomplete
2026-06-17T09:53:10.100+0000;IE1ENSFW01;10.146.0.75;10.246.69.44;45440;incomplete
2026-06-17T09:46:09.100+0000;IE1ENSFW01;10.146.0.75;10.246.64.209;58282;incomplete
2026-06-17T11:41:53.100+0000;IE1ENSFW01;10.146.0.212;10.246.182.128;37410;incomplete
2026-06-17T11:41:29.100+0000;IE1ENSFW01;10.83.128.96;10.175.189.184;36720;incomplete
2026-06-17T11:41:15.100+0000;IE1ENSFW01;10.145.0.10;10.246.245.131;60976;incomplete
2026-06-17T11:24:04.100+0000;IE1ENSFW01;10.145.0.10;10.246.242.38;33300;incomplete
2026-06-17T11:38:18.100+0000;IE1ENSFW01;10.152.128.21;172.21.232.174;137;netbios-ns
2026-06-17T10:58:07.100+0000;IE1ENSFW01;10.152.128.21;172.21.232.215;137;netbios-ns
2026-06-17T10:57:10.100+0000;IE1ENSFW01;10.152.128.21;172.21.232.232;137;netbios-ns
2026-06-17T10:00:08.100+0000;IE1ENSFW01;10.152.128.21;172.21.232.233;137;netbios-ns
2026-06-17T09:46:36.100+0000;IE1ENSFW01;10.152.128.21;172.30.210.55;137;netbios-ns
2026-06-17T11:37:18.100+0000;IE1ENSFW01;10.136.254.105;10.175.217.212;9580;web-browsing
2026-06-17T11:31:26.100+0000;IE1ENSFW01;10.136.254.102;10.175.217.212;10010;web-browsing
2026-06-17T11:29:31.100+0000;IE1ENSFW01;10.136.254.111;10.175.217.212;10001;web-browsing
2026-06-17T11:29:15.100+0000;IE1ENSFW01;10.136.254.44;10.175.217.212;40081;web-browsing
2026-06-17T11:28:53.100+0000;IE1ENSFW01;10.136.254.58;10.175.217.212;10000;web-browsing
2026-06-17T11:28:30.100+0000;IE1ENSFW01;10.136.254.9;10.175.217.212;3000;web-browsing
2026-06-17T11:28:12.100+0000;IE1ENSFW01;10.96.25.35;10.116.157.63;53;dns-base
2026-06-17T11:28:03.100+0000;IE1ENSFW01;10.136.254.81;10.175.217.212;8830;web-browsing
2026-06-17T11:28:01.100+0000;IE1ENSFW01;10.145.0.9;10.246.69.8;46434;incomplete
2026-06-17T11:27:23.100+0000;IE1ENSFW01;10.136.254.31;10.175.217.212;3000;web-browsing
2026-06-17T11:27:20.100+0000;IE1ENSFW01;10.136.254.6;10.175.217.212;10000;web-browsing
2026-06-17T11:27:11.100+0000;IE1ENSFW01;10.136.254.14;10.175.217.212;8580;web-browsing
2026-06-17T11:26:51.100+0000;IE1ENSFW01;10.136.254.117;10.175.217.212;10010;web-browsing
2026-06-17T11:26:22.100+0000;IE1ENSFW01;10.136.254.60;10.175.217.212;10006;web-browsing
2026-06-17T11:26:13.100+0000;IE1ENSFW01;10.136.254.109;10.175.217.212;40080;web-browsing
2026-06-17T11:25:45.100+0000;IE1ENSFW01;10.136.254.45;10.175.217.212;10006;web-browsing
2026-06-17T11:25:29.100+0000;IE1ENSFW01;10.136.254.116;10.175.217.212;10014;web-browsing
2026-06-17T11:24:42.100+0000;IE1ENSFW01;10.136.254.78;10.175.217.212;10013;web-browsing
2026-06-17T11:24:27.100+0000;IE1ENSFW01;10.204.25.106;172.30.128.242;5439;ssl
2026-06-17T11:24:24.100+0000;IE1ENSFW01;10.136.254.38;10.175.217.212;10012;web-browsing
2026-06-17T11:23:48.100+0000;IE1ENSFW01;10.136.254.98;10.175.217.212;10008;web-browsing
2026-06-17T11:23:29.100+0000;IE1ENSFW01;10.136.254.64;10.175.217.212;10011;web-browsing
2026-06-17T11:22:43.100+0000;IE1ENSFW01;10.136.254.5;10.175.217.212;10009;web-browsing
2026-06-17T11:22:21.100+0000;IE1ENSFW01;10.136.254.88;10.175.217.212;10007;web-browsing
2026-06-17T11:21:49.100+0000;IE1ENSFW01;10.136.254.104;10.175.217.212;10004;web-browsing
2026-06-17T11:21:44.100+0000;IE1ENSFW01;10.136.254.126;10.175.217.212;10005;web-browsing
2026-06-17T11:21:30.100+0000;IE1ENSFW01;10.136.254.73;10.175.217.212;10003;web-browsing
2026-06-17T11:21:30.100+0000;IE1ENSFW01;10.83.128.27;10.175.189.184;44453;incomplete
2026-06-17T11:21:21.100+0000;IE1ENSFW01;10.146.4.133;10.246.182.180;43572;incomplete
2026-06-17T10:29:51.100+0000;IE1ENSFW01;10.146.4.133;10.246.184.31;48496;incomplete
2026-06-17T10:03:30.100+0000;IE1ENSFW01;10.146.4.133;10.246.185.17;55550;incomplete
2026-06-17T11:21:20.100+0000;IE1ENSFW01;10.146.4.143;10.246.184.161;50962;incomplete
2026-06-17T11:21:19.100+0000;IE1ENSFW01;10.146.4.157;10.246.183.153;51766;incomplete
2026-06-17T10:31:51.100+0000;IE1ENSFW01;10.146.4.157;10.246.176.75;52390;incomplete
2026-06-17T10:23:50.100+0000;IE1ENSFW01;10.146.4.157;10.246.180.215;38996;incomplete
2026-06-17T10:19:49.100+0000;IE1ENSFW01;10.146.4.157;10.246.179.177;55806;incomplete
2026-06-17T11:21:07.100+0000;IE1ENSFW01;10.136.254.39;10.175.217.212;10001;web-browsing
2026-06-17T11:20:54.100+0000;IE1ENSFW01;10.136.254.26;10.175.217.212;10002;web-browsing
2026-06-17T11:20:48.100+0000;IE1ENSFW01;10.136.254.95;10.175.217.212;10011;web-browsing
2026-06-17T11:20:20.100+0000;IE1ENSFW01;10.136.254.62;10.175.217.212;10000;web-browsing
2026-06-17T11:20:07.100+0000;IE1ENSFW01;10.136.254.106;10.175.217.212;10013;web-browsing
2026-06-17T11:15:20.100+0000;IE1ENSFW01;10.40.15.21;10.175.208.101;55954;incomplete
2026-06-17T11:15:19.100+0000;IE1ENSFW01;10.40.15.21;172.21.232.114;53588;incomplete
2026-06-17T11:15:19.100+0000;IE1ENSFW01;10.40.15.21;172.21.232.51;54253;incomplete
2026-06-17T11:09:30.100+0000;IE1ENSFW01;10.83.128.85;10.175.189.184;48834;incomplete
2026-06-17T11:06:40.100+0000;IE1ENSFW01;10.40.9.150;172.21.232.240;137;netbios-ns
2026-06-17T10:49:23.100+0000;IE1ENSFW01;10.40.9.150;172.21.232.78;3389;ms-rdp
2026-06-17T10:39:15.100+0000;IE1ENSFW01;10.40.9.150;10.175.209.36;3389;ms-rdp
2026-06-17T11:02:50.100+0000;IE1ENSFW01;10.146.0.109;10.246.242.78;50246;incomplete
2026-06-17T10:58:34.100+0000;IE1ENSFW01;10.146.0.109;10.246.240.212;42206;incomplete
2026-06-17T10:15:53.100+0000;IE1ENSFW01;10.146.0.109;10.246.247.59;39176;incomplete
2026-06-17T09:49:09.100+0000;IE1ENSFW01;10.146.0.109;10.246.244.210;59512;incomplete
2026-06-17T11:02:49.100+0000;IE1ENSFW01;10.146.4.187;10.246.176.75;43916;incomplete
2026-06-17T10:38:54.100+0000;IE1ENSFW01;10.146.2.155;10.246.250.242;59064;incomplete
2026-06-17T10:38:50.100+0000;IE1ENSFW01;10.146.2.155;10.246.242.38;58244;incomplete
2026-06-17T10:09:49.100+0000;IE1ENSFW01;10.146.2.155;10.246.246.55;38898;incomplete
2026-06-17T09:59:08.100+0000;IE1ENSFW01;10.146.2.155;10.246.240.85;50676;incomplete
2026-06-17T09:47:08.100+0000;IE1ENSFW01;10.146.2.155;10.246.250.15;42638;incomplete
2026-06-17T10:19:51.100+0000;IE1ENSFW01;10.146.0.102;10.246.69.224;45322;incomplete
2026-06-17T10:07:51.100+0000;IE1ENSFW01;10.146.0.102;10.246.64.158;34604;incomplete
2026-06-17T09:58:09.100+0000;IE1ENSFW01;10.146.0.102;10.246.65.109;42174;incomplete
2026-06-17T09:57:08.100+0000;IE1ENSFW01;10.146.0.102;10.246.65.229;53030;incomplete
2026-06-17T09:58:09.100+0000;IE1ENSFW01;10.146.4.122;10.246.177.74;46364;incomplete
2026-06-17T09:55:08.100+0000;IE1ENSFW01;10.146.4.131;10.246.177.39;56678;incomplete
2026-06-17T09:44:10.100+0000;IE1ENSFW01;10.146.4.131;10.246.181.8;37596;incomplete
2026-06-17T09:47:08.100+0000;IE1ENSFW01;10.146.0.10;10.246.251.157;34994;incomplete
2026-06-17T09:44:09.100+0000;IE1ENSFW01;10.146.0.10;10.246.243.212;37722;incomplete